Indiv,Color,Obs,HHMMSS,FTime,EBal?,Photo,Cond,Ci,Trmmol,VpdL,CTleaf,Area,BLC_1,StmRat,BLCond,Tair,Tleaf,TBlk,CO2R,CO2S,H2OR,H2OS,RH_R,RH_S,Flow,PARi,PARo,Press,CsMch,HsMch,StableF,BLCslope,BLCoffst,f_parin,f_parout,alphaK,Status,fda,Trans,Tair_K,Twall_K,R(W/m2),Tl-Ta,SVTleaf,h2o_i,h20diff,CTair,SVTair,CndTotal,vp_kPa,VpdA,CndCO2,Ci_Pa,Ci/Ca,RHsfc,C2sfc,AHs/Cs
1,o,1,7:27:24,531.4999881,0,3.212921024,0.235697747,370.4381388,1.461455369,0.642693653,25.41668701,3.7,1.925000075,1,3.850000149,24.41875076,25.41668701,24.05522919,400.2073364,397.4003601,24.95655823,26.00976944,81.75695801,85.20724487,500.0649414,499.876709,0.270484716,100.6098022,0.55833298,-0.281529993,1,-0.219565243,2.737391472,1,0,0.159999996,111115,1.351526869,0.001461455,298.566687,297.5687508,79.98027165,0.037514681,3.259531413,32.39775191,6.38798247,24.91771889,3.164112994,0.2221007,2.61683776,0.547275234,0.1399737,37.26970789,0.932153506,80.86117593,396.2737515,0.006556088
1,o,2,7:27:31,537.999988,0,3.201342192,0.227864451,369.6833339,1.41961849,0.644529066,25.41652679,3.7,1.925000075,1,3.850000149,24.41986847,25.41652679,24.0546627,400.1042175,397.3179626,24.96788979,25.99105644,81.78910828,85.14076996,500.0229492,500.1530151,0.350088835,100.6104279,0.55833298,-0.281529993,1,-0.219565243,2.737391472,1,0,0.159999996,111115,1.351413376,0.001419618,298.5665268,297.5698685,80.02448063,0.054756578,3.259500375,32.39724196,6.40618552,24.91819763,3.164203362,0.215131755,2.614971309,0.549232053,0.135546124,37.19399839,0.930447069,80.76965695,396.1954141,0.006526358
1,o,3,7:27:37,543.9999878,0,3.139829718,0.223439473,369.6847721,1.397144605,0.646190343,25.42038345,3.7,1.925000075,1,3.850000149,24.41771889,25.42038345,24.05327606,400.0469055,397.3131104,24.97495651,25.98181343,81.82328796,85.1219635,500.0833435,500.0223694,0.2919195,100.6110382,0.55833298,-0.281529993,1,-0.219565243,2.737391472,1,0,0.159999996,111115,1.351576604,0.001397145,298.5703835,297.5677189,80.00357731,0.062921566,3.260247567,32.40447196,6.422658531,24.91905117,3.164364482,0.211183197,2.614057224,0.550307258,0.133038518,37.19436873,0.930462052,80.7035903,396.2121311,0.006395451
1,o,4,7:27:43,549.9999877,0,3.139018374,0.217187558,369.137071,1.36337383,0.647726852,25.42436028,3.7,1.925000075,1,3.850000149,24.41767311,25.42436028,24.05408669,400.1378174,397.4144287,24.9916687,25.97420311,81.87825775,85.09725952,500.0798645,500.1242981,0.390931159,100.6110306,0.55833298,-0.281529993,1,-0.219565243,2.737391472,1,0,0.159999996,111115,1.351567201,0.001363374,298.5743603,297.5676731,80.01988591,0.076139354,3.261018195,32.4121339,6.437930794,24.92101669,3.164735536,0.205589757,2.613291343,0.551444192,0.129487576,37.13926114,0.928846676,80.63255258,396.313734,0.006386533
1,o,5,7:27:47,554.4999876,0,3.326650056,0.213795973,367.2563018,1.343328151,0.647792118,25.42041397,3.7,1.925000075,1,3.850000149,24.41759491,25.42041397,24.05176735,400.2187195,397.3621216,24.99774933,25.96595764,81.89855194,85.07063293,500.0220642,499.9575806,0.253129929,100.6110153,0.55833298,-0.281529993,1,-0.219565243,2.737391472,1,0,0.159999996,111115,1.351410984,0.001343328,298.570414,297.5675949,79.9932111,0.084306308,3.26025348,32.40453811,6.438580464,24.91900444,3.164355661,0.202548185,2.612461362,0.551894299,0.12755729,36.95002941,0.924235809,80.61004685,396.1956339,0.006768409
1,w,6,7:35:02,989.4999779,0,2.258185979,0.200183193,374.3683398,1.133318695,0.584856268,25.43619728,4.6,1.727391356,1,3.454782712,24.42592049,25.43619728,24.05085373,399.4705505,396.9796448,25.60521507,26.61989403,83.85327148,87.17619324,500.1078796,499.1294861,0.185761094,100.6186066,0.55833298,-0.281529993,1,-0.219565243,2.737391472,1,0,0.159999996,111115,1.087191043,0.001133319,298.5861973,297.5759205,79.86071599,0.183036271,3.263312912,32.43249955,5.812605523,24.93105888,3.166631905,0.18921912,2.678456644,0.488175261,0.119200441,37.66842069,0.943041651,82.54402865,396.0972301,0.004705909
1,w,7,7:35:10,996.9999777,0,2.263104863,0.194647055,373.7588584,1.106200548,0.586215205,25.43370819,4.6,1.727391356,1,3.454782712,24.42615891,25.43370819,24.05074883,399.4176331,396.9320068,25.61114502,26.60162163,83.8713913,87.11500549,500.0783997,499.1397095,0.083695807,100.6184921,0.55833298,-0.281529993,1,-0.219565243,2.737391472,1,0,0.159999996,111115,1.087126956,0.001106201,298.5837082,297.5761589,79.86235173,0.195293137,3.262830261,32.4277396,5.826117969,24.92993355,3.166419347,0.184265303,2.676615056,0.489804291,0.116055623,37.60705275,0.94161935,82.47454288,396.04767,0.00471278
1,w,8,7:35:17,1004.999978,0,2.377215061,0.187056152,371.8636539,1.068327547,0.587908345,25.43050385,4.6,1.727391356,1,3.454782712,24.42633057,25.43050385,24.05203438,399.3917542,396.8149719,25.62174988,26.57838821,83.9059906,87.03878784,500.0523376,499.0068665,0.29089132,100.6193695,0.55833298,-0.281529993,1,-0.219565243,2.737391472,1,0,0.159999996,111115,1.087070299,0.001068328,298.5805038,297.5763306,79.84109685,0.21212686,3.262209009,32.42128255,5.84289434,24.92841721,3.166132954,0.177448367,2.674300665,0.491832289,0.111730183,37.4166864,0.937121027,82.38420532,395.8860451,0.004947004
1,w,9,7:35:24,1011.499977,0,2.394085617,0.182990962,371.3236735,1.04802919,0.588893324,25.43040466,4.6,1.727391356,1,3.454782712,24.42564201,25.43040466,24.05116463,399.4702759,396.885376,25.63004875,26.56849861,83.93634796,87.00968933,500.0639343,499.0280457,0.306196302,100.6190262,0.55833298,-0.281529993,1,-0.219565243,2.737391472,1,0,0.159999996,111115,1.087095509,0.001048029,298.5804047,297.575642,79.84448552,0.221022553,3.262189782,32.42120209,5.852703475,24.92802334,3.166058567,0.173785966,2.673296457,0.49276211,0.10940736,37.36222643,0.935594245,82.33495997,395.9498568,0.004978331
1,w,10,7:35:30,1017.499977,0,2.368314909,0.179562198,371.1524513,1.030612932,0.589612606,25.42878151,4.6,1.727391356,1,3.454782712,24.42512131,25.42878151,24.05100632,399.433075,396.8781128,25.63532639,26.55823898,83.95619965,86.97875214,500.0377808,499.0296326,0.005103413,100.6189651,0.55833298,-0.281529993,1,-0.219565243,2.737391472,1,0,0.159999996,111115,1.087038654,0.001030613,298.5787815,297.5751213,79.84473943,0.228813017,3.261875129,32.41809458,5.859855599,24.92695141,3.165856129,0.170690562,2.672262523,0.493593606,0.107444702,37.34497556,0.935179944,82.2951117,395.9526638,0.004922324
1,y,11,7:44:09,1537.499966,0,2.5982121,0.271699475,375.4013621,1.703859693,0.659644759,25.39472008,4.4,1.771304405,1,3.542608809,24.41522789,25.39472008,24.05133629,398.7094116,395.8299255,24.3357811,25.79627228,79.74860382,84.53465271,500.0775452,499.4099426,0.143918857,100.620491,0.55833298,-0.281529993,1,-0.219565243,2.737391472,1,0,0.159999996,111115,1.136539875,0.00170386,298.5447201,297.5652279,79.90558903,-0.062536104,3.255278342,32.35204191,6.555769629,24.90497398,3.161708087,0.252345873,2.595633583,0.566074503,0.15934782,37.77306939,0.948390553,80.616003,394.8398116,0.005304872
1,y,12,7:44:14,1541.499966,0,2.586663093,0.268226552,375.2524719,1.686152427,0.660639817,25.3961544,4.4,1.771304405,1,3.542608809,24.41306877,25.3961544,24.05115318,398.6745911,395.811615,24.34394073,25.78918648,79.78552246,84.52220917,500.1044922,499.3446045,0.051034745,100.6203156,0.55833298,-0.281529993,1,-0.219565243,2.737391472,1,0,0.159999996,111115,1.136601119,0.001686152,298.5461544,297.5630688,79.89513493,-0.055419969,3.255555898,32.35485677,6.565670291,24.90461159,3.161639727,0.249347362,2.594916081,0.566723646,0.15743501,37.75802214,0.948058262,80.57077023,394.8259021,0.005278515
1,y,13,7:44:18,1545.499965,0,2.481242834,0.264634085,375.7212898,1.667396934,0.661540703,25.39605522,4.4,1.771304405,1,3.542608809,24.41391373,25.39605522,24.04989052,398.5845337,395.8204346,24.35058784,25.77997398,79.80347443,84.48796082,500.0335693,499.1636353,0.002041283,100.6205826,0.55833298,-0.281529993,1,-0.219565243,2.737391472,1,0,0.159999996,111115,1.13643993,0.001667397,298.5460552,297.5639137,79.86617986,-0.047529227,3.255536704,32.35458016,6.574606172,24.90498447,3.161710065,0.246239882,2.593996001,0.567714064,0.155453181,37.80529506,0.949221558,80.52589758,394.8748947,0.005059939
1,y,14,7:44:21,1549.499965,0,2.537197803,0.261451942,375.1023926,1.652622922,0.663100079,25.40210915,4.4,1.771304405,1,3.542608809,24.41427803,25.40210915,24.05085182,398.5626526,395.7547607,24.35957146,25.77619553,79.83094025,84.47348785,500.0697327,499.2168884,0.241902888,100.6202927,0.55833298,-0.281529993,1,-0.219565243,2.737391472,1,0,0.159999996,111115,1.13652212,0.001652623,298.5521091,297.564278,79.87470036,-0.04172695,3.256708416,32.36631826,6.590122737,24.90819359,3.162315461,0.24348243,2.593608338,0.568707123,0.153695009,37.74291252,0.947815238,80.47061357,394.7878978,0.005171634
1,y,15,7:44:26,1553.499965,0,2.536098848,0.258505014,374.9144375,1.639057906,0.664640458,25.40732002,4.4,1.771304405,1,3.542608809,24.41719437,25.40732002,24.05226517,398.5478821,395.745575,24.36573982,25.77080345,79.83755493,84.44142914,500.0484924,499.1795959,0.193928093,100.6207199,0.55833298,-0.281529993,1,-0.219565243,2.737391472,1,0,0.159999996,111115,1.136473846,0.001639058,298.55732,297.5671944,79.86873357,-0.036209284,3.257717254,32.37620698,6.60540353,24.91225719,3.163082201,0.240924682,2.593076796,0.570005405,0.152064526,37.7241606,0.947362298,80.41609212,394.7791308,0.005166007
2,o,16,7:51:25,1973.499956,0,2.456642459,0.248854211,375.6941015,1.21886858,0.51691155,25.59914398,5.5,1.529782638,1,3.059565276,24.43880081,25.59914398,24.05237579,399.0551453,395.8226318,26.30245018,27.60599327,86.0843811,90.35070038,500.0765076,499.2784729,0.010207063,100.63517,0.55833298,-0.281529993,1,-0.219565243,2.737391472,1,0,0.159999996,111115,0.909230014,0.001218869,298.749144,297.5888008,79.88455388,0.142893666,3.295045375,32.74248333,5.136490057,25.0189724,3.183275956,0.230135781,2.778133825,0.40514213,0.145407099,37.80803977,0.949147601,85.04107883,394.738665,0.005292502
2,o,17,7:51:30,1978.499956,0,2.435003586,0.239905229,375.2242819,1.180881752,0.518076329,25.59715652,5.5,1.529782638,1,3.059565276,24.43833542,25.59715652,24.05164146,398.9862976,395.7943726,26.32803154,27.59088326,86.16947937,90.3026886,500.11026,499.2200012,0.07042747,100.6339798,0.55833298,-0.281529993,1,-0.219565243,2.737391472,1,0,0.159999996,111115,0.909291382,0.001180882,298.7471565,297.5883354,79.87519841,0.161573617,3.294656717,32.73900847,5.148125218,25.01774597,3.18304324,0.222461667,2.776580388,0.406462852,0.140507136,37.76031281,0.94802834,84.96507815,394.7199536,0.005241444
2,o,18,7:51:36,1983.999956,0,2.521628666,0.231444987,373.9663533,1.144939713,0.519337439,25.59526825,5.5,1.529782638,1,3.059565276,24.43877411,25.59526825,24.0521946,399.0429077,395.7713013,26.35031891,27.57478714,86.23983765,90.24729919,500.0967102,499.138855,0.037766032,100.6335983,0.55833298,-0.281529993,1,-0.219565243,2.737391472,1,0,0.159999996,111115,0.909266746,0.00114494,298.7452682,297.5887741,79.86221501,0.179314052,3.294287492,32.73546357,5.160676429,25.01702118,3.182905717,0.215168288,2.774950053,0.407955664,0.135853581,37.63357979,0.944905182,84.88819481,394.65866,0.005423839
2,o,19,7:51:41,1988.999956,0,2.468532986,0.22528799,373.9027861,1.118541257,0.520260382,25.59247971,5.5,1.529782638,1,3.059565276,24.43635178,25.59247971,24.05089188,398.9914551,395.7896423,26.36387062,27.56015015,86.29685211,90.21263123,500.0860901,499.2389221,0.182701662,100.6337738,0.55833298,-0.281529993,1,-0.219565243,2.737391472,1,0,0.159999996,111115,0.909247437,0.001118541,298.7424797,297.5863518,79.87822575,0.192460636,3.293742298,32.72998888,5.169838736,25.01441574,3.182411401,0.209836865,2.773481916,0.408929485,0.132453895,37.6272484,0.944700786,84.83061027,394.7004289,0.005305471
2,o,20,7:51:48,1996.499955,0,2.520879047,0.214604491,372.5364752,1.071167543,0.521337771,25.5855217,5.5,1.529782638,1,3.059565276,24.43591118,25.5855217,24.04945755,398.9507141,395.711792,26.39019012,27.5359211,86.38530731,90.13572693,500.0472107,499.3214417,0.090841949,100.6338043,0.55833298,-0.281529993,1,-0.219565243,2.737391472,1,0,0.159999996,111115,0.909176747,0.001071168,298.7355217,297.5859112,79.89142888,0.216622795,3.292382267,32.7164643,5.180543207,25.01071644,3.181709667,0.200538303,2.771044495,0.410665171,0.126528598,37.48976275,0.941433848,84.74359406,394.5994814,0.005413802
2,w,21,7:56:33,2281.499949,0,3.048867783,0.415256555,378.7001473,1.406865106,0.378337522,25.19865608,5.9,1.441956541,1,2.883913082,24.42175484,25.19865608,24.05094147,398.5011292,394.249176,26.59698105,28.21017265,87.14517975,92.43081665,500.0240173,501.0693359,0.078591444,100.6443558,0.55833298,-0.281529993,1,-0.219565243,2.737391472,1,0,0.159999996,111115,0.847498334,0.001406865,298.3486561,297.5717548,80.17109196,0.108371867,3.217532175,31.96932555,3.759152898,24.81020546,3.143875726,0.362989462,2.839194653,0.304681073,0.231048869,38.11403236,0.960560403,89.40252289,392.8219584,0.006938932
2,w,22,7:56:37,2285.499949,0,3.051424838,0.413921798,378.6714359,1.399458444,0.37741425,25.19368172,5.9,1.441956541,1,2.883913082,24.42173386,25.19368172,24.04952621,398.5149841,394.2637329,26.60487175,28.2094593,87.17243958,92.42996979,500.059021,500.8815308,0.027558429,100.6458588,0.55833298,-0.281529993,1,-0.219565243,2.737391472,1,0,0.159999996,111115,0.847557663,0.001399458,298.3436817,297.5717339,80.14104313,0.112501528,3.216579507,31.9593826,3.749923295,24.80770779,3.143406937,0.36196915,2.839165257,0.30424168,0.23038749,38.11171186,0.960452114,89.42103139,392.8353183,0.006945953
2,w,23,7:56:42,2289.999949,0,3.044114616,0.409239659,378.5943264,1.390750646,0.378809616,25.19915581,5.9,1.441956541,1,2.883913082,24.42161942,25.19915581,24.05165863,398.5374451,394.2985535,26.61184502,28.2065506,87.1942215,92.41930389,500.0284729,500.9584351,0.109214172,100.6439362,0.55833298,-0.281529993,1,-0.219565243,2.737391472,1,0,0.159999996,111115,0.847505886,0.001390751,298.3491558,297.5716194,80.15334782,0.116385399,3.217627893,31.9704099,3.763859306,24.81038761,3.143909917,0.3583835,2.838818278,0.305091639,0.228063772,38.10322322,0.960171736,89.37024263,392.8735609,0.006924703
2,w,24,7:56:45,2293.499949,0,3.042781382,0.404189111,378.4509116,1.379820364,0.379952442,25.20244598,5.9,1.441956541,1,2.883913082,24.42123795,25.20244598,24.05278587,398.5369873,394.3050537,26.61884499,28.20091057,87.22084808,92.40473175,500.0651245,501.0852356,0.167395577,100.6458893,0.55833298,-0.281529993,1,-0.219565243,2.737391472,1,0,0.159999996,111115,0.847568008,0.00137982,298.352446,297.5712379,80.1736359,0.121765028,3.218258164,31.97605175,3.775141184,24.81184196,3.144182916,0.354504269,2.838305723,0.305877193,0.225550747,38.08952855,0.959792192,89.32388844,392.8806852,0.006917954
2,w,25,7:56:49,2297.499949,0,3.10611188,0.400395454,378.0108141,1.370106218,0.380411497,25.20194817,5.9,1.441956541,1,2.883913082,24.42017746,25.20194817,24.05101395,398.56604,394.2639771,26.62464714,28.19558144,87.24484253,92.39255524,500.0657349,501.0917053,0.205162242,100.6452484,0.55833298,-0.281529993,1,-0.219565243,2.737391472,1,0,0.159999996,111115,0.847569042,0.001370106,298.3519482,297.5701775,80.17467106,0.126709959,3.218162795,31.97530778,3.779726345,24.81106281,3.144036657,0.351582586,2.837751298,0.30628536,0.22365869,38.04499229,0.958775937,89.29835931,392.8099627,0.007061193
2,y,1,8:01:58,42.49999905,0,3.299889167,0.296219564,372.3178516,1.271696676,0.459538757,25.57873917,5.5,1.529782638,1,3.059565276,24.42417526,25.57873917,24.05051804,398.6520996,394.4713135,26.77194786,28.13116837,87.71426392,92.16754913,500.1081848,499.5258484,0.007144802,100.654129,0.55833298,-0.281529993,1,-0.219565243,2.737391472,1,0,0.159999996,111115,0.909287609,0.001271697,298.7287392,297.5741753,79.92413396,0.118243195,3.291057007,32.69669152,4.565523155,25.00145721,3.179953844,0.270071871,2.83151825,0.348435593,0.170964286,37.47532908,0.943840119,86.86996185,393.0152732,0.007293896
2,y,2,8:02:03,47.49999894,0,3.394700527,0.294154313,371.6940953,1.262826686,0.459256995,25.57494545,5.5,1.529782638,1,3.059565276,24.42227554,25.57494545,24.05013275,398.8085327,394.5272217,26.77687645,28.12663078,87.74031067,92.16307831,500.1052246,499.5296021,0.108192131,100.6540375,0.55833298,-0.281529993,1,-0.219565243,2.737391472,1,0,0.159999996,111115,0.909282227,0.001262827,298.7249454,297.5722755,79.92473454,0.122835263,3.290315944,32.68935879,4.562728004,24.9986105,3.179414192,0.268354076,2.831058949,0.348355243,0.16986298,37.4125114,0.942125346,86.86705492,393.0293469,0.007502942
2,y,3,8:02:08,52.49999883,0,3.30469652,0.288942659,371.9299149,1.24666789,0.460842677,25.57648659,5.5,1.529782638,1,3.059565276,24.42455482,25.57648659,24.04917145,398.744812,394.5688477,26.78120613,28.11389542,87.74243927,92.10868835,500.0344543,499.5916443,0.038786002,100.6539383,0.55833298,-0.281529993,1,-0.219565243,2.737391472,1,0,0.159999996,111115,0.909153553,0.001246668,298.7264866,297.5745548,79.9346613,0.130943346,3.290616972,32.69238172,4.5784863,25.00052071,3.179776301,0.264009805,2.829774294,0.350002007,0.167078602,37.43621071,0.942623619,86.80247335,393.1106862,0.007297075
2,y,4,8:02:12,56.99999873,0,3.293250886,0.28522903,371.8062998,1.233595667,0.461437539,25.57706261,5.5,1.529782638,1,3.059565276,24.42233467,25.57706261,24.04879951,398.7752686,394.617981,26.79045105,28.10902023,87.78465271,92.10523224,500.0922852,499.5150757,0.039806694,100.6542358,0.55833298,-0.281529993,1,-0.219565243,2.737391472,1,0,0.159999996,111115,0.9092587,0.001233596,298.7270626,297.5723347,79.92241032,0.136851132,3.290729491,32.69340295,4.584382716,24.99969864,3.179620462,0.26090598,2.829291952,0.35032851,0.165089969,37.42387899,0.942193001,86.7712447,393.1648697,0.007268184
2,y,5,8:02:18,62.4999986,0,3.317675319,0.279311129,371.2769905,1.215026291,0.463301989,25.57911682,5.5,1.529782638,1,3.059565276,24.42158699,25.57911682,24.05005646,398.8175049,394.6412659,26.79573059,28.09450722,87.80581665,92.0617218,500.0782166,499.5881348,0.028579205,100.6541519,0.55833298,-0.281529993,1,-0.219565243,2.737391472,1,0,0.159999996,111115,0.909233121,0.001215026,298.7291168,297.571587,79.93409978,0.145711464,3.291130786,32.69741708,4.602909862,25.00035191,3.179744301,0.255945572,2.827828797,0.351915504,0.161913035,37.3705706,0.940796168,86.69594634,393.1773776,0.007315502
3,w,6,8:08:54,459.4999897,0,2.710576046,0.162221433,365.847919,0.80885249,0.50996752,25.57630157,4.7,1.705434832,1,3.410869664,24.42458916,25.57630157,24.04852867,399.6867371,396.8373718,26.88185501,27.62109756,88.08598328,90.50830841,500.0526733,499.1168213,0.071447633,100.6699066,0.55833298,-0.281529993,1,-0.219565243,2.737391472,1,0,0.159999996,111115,1.063941858,0.000808852,298.7263016,297.5745892,79.85868962,0.313016919,3.290580832,32.68683704,5.065739475,25.00044537,3.179762019,0.154856439,2.780613312,0.399148706,0.097421081,36.82987584,0.921908936,84.74584359,395.7645435,0.00580421
3,w,7,8:09:04,468.4999895,0,2.777828252,0.154946471,363.8863456,0.78046363,0.514124921,25.58467102,4.7,1.705434832,1,3.410869664,24.42603302,25.58467102,24.04873466,399.7727356,396.8711243,26.88286209,27.59607887,88.0815506,90.41840363,500.1216736,499.1135254,0.099007212,100.6697769,0.55833298,-0.281529993,1,-0.219565243,2.737391472,1,0,0.159999996,111115,1.064088667,0.000780464,298.734671,297.576033,79.85816228,0.324831306,3.292216025,32.70312228,5.107043411,25.00535202,3.180692311,0.148213536,2.778091104,0.402601207,0.093215724,36.63235724,0.916887935,84.59783538,395.7716779,0.005937723
3,w,8,8:09:16,480.4999893,0,2.694227966,0.150091267,363.9054582,0.76316404,0.518289262,25.59376526,4.7,1.705434832,1,3.410869664,24.42637253,25.59376526,24.04914474,399.7368774,396.9200134,26.87473679,27.57221985,88.05361176,90.33888245,500.0799561,498.9833679,0.245980769,100.6703262,0.55833298,-0.281529993,1,-0.219565243,2.737391472,1,0,0.159999996,111115,1.063999906,0.000763164,298.7437653,297.5763725,79.83733708,0.331297552,3.293993629,32.72060152,5.148381668,25.01006889,3.181586846,0.143765057,2.775704367,0.405882479,0.090400893,36.6344812,0.916823153,84.46035138,395.8536555,0.005748474
3,w,9,8:09:20,484.4999892,0,2.807106849,0.147498589,362.1192777,0.749993856,0.517928222,25.58764648,4.7,1.705434832,1,3.410869664,24.42742348,25.58764648,24.04947281,399.8170471,396.8988953,26.87833214,27.56381416,88.06021118,90.30602264,500.0582581,499.2229614,0.038786981,100.6707306,0.55833298,-0.281529993,1,-0.219565243,2.737391472,1,0,0.159999996,111115,1.063953741,0.000749994,298.7376465,297.5774235,79.87567204,0.338373906,3.292797531,32.7085888,5.144774639,25.00753498,3.181106273,0.141384597,2.77486931,0.406236963,0.088895064,36.45481225,0.912371594,84.45438051,395.7878607,0.005989887
3,w,10,8:09:23,487.4999891,0,2.803942079,0.146145006,361.8795985,0.744898225,0.518977141,25.58987427,4.7,1.705434832,1,3.410869664,24.42893982,25.58987427,24.04896736,399.8243408,396.9110107,26.87685776,27.5576973,88.04746246,90.27785492,500.0505066,499.2094116,0.082674906,100.6708145,0.55833298,-0.281529993,1,-0.219565243,2.737391472,1,0,0.159999996,111115,1.063937248,0.000744898,298.7398743,297.5789398,79.87350407,0.340533165,3.293232974,32.71288695,5.155189654,25.00940704,3.181461315,0.140140431,2.774255833,0.407205483,0.088108151,36.43071394,0.911739883,84.41904453,395.8012287,0.005980429
3,y,11,8:14:11,775.9999827,0,2.45616758,0.090077641,349.3209411,0.507074279,0.5642213,25.66682625,4.7,1.705434832,1,3.410869664,24.42863274,25.66682625,24.04910469,399.8717346,397.3737793,26.79278374,27.25639534,87.77877045,89.29766083,500.0501099,501.1110229,0.014289008,100.6766891,0.55833298,-0.281529993,1,-0.219565243,2.737391472,1,0,0.159999996,111115,1.063936404,0.000507074,298.8168262,297.5786327,80.17776188,0.440388392,3.308304941,32.86068472,5.604289383,25.04772949,3.188736903,0.087759987,2.744083641,0.444653262,0.055053614,35.1684758,0.879073958,82.86918714,396.4016442,0.005134707
3,y,12,8:14:12,777.4999826,0,2.475985969,0.090331961,349.0826757,0.508152085,0.563868913,25.665802,4.7,1.705434832,1,3.410869664,24.42959404,25.665802,24.04940605,399.8852234,397.3683777,26.79336929,27.25794029,87.77549744,89.2974472,500.0773315,501.1038513,0.040826906,100.6765366,0.55833298,-0.281529993,1,-0.219565243,2.737391472,1,0,0.159999996,111115,1.063994322,0.000508152,298.815802,297.579594,80.17661442,0.440126845,3.308103935,32.85873798,5.600797683,25.04769802,3.188730922,0.088001371,2.744235022,0.4444959,0.055205603,35.14443476,0.8784863,82.88009323,396.3883986,0.005176992
3,y,13,8:14:16,780.9999825,0,2.518669485,0.09110723,348.700143,0.510693821,0.562001156,25.65872765,4.7,1.705434832,1,3.410869664,24.43083,25.65872765,24.0500164,399.9237671,397.3660889,26.7955265,27.26237679,87.77713776,89.30644989,500.1226807,501.025238,0.145960227,100.6777496,0.55833298,-0.281529993,1,-0.219565243,2.737391472,1,0,0.159999996,111115,1.06409081,0.000510694,298.8087276,297.58083,80.16403629,0.439834992,3.306715901,32.84455516,5.582178371,25.04477882,3.188176197,0.088736989,2.744714744,0.443461453,0.055668808,35.1063457,0.877528689,82.93350341,396.3692159,0.005269887
3,y,14,8:14:18,782.9999825,0,2.57216645,0.091466719,347.8523368,0.513718871,0.563165264,25.66586304,4.7,1.705434832,1,3.410869664,24.4305191,25.66586304,24.05058098,399.9136353,397.3045959,26.79492188,27.264534,87.77738953,89.31578827,500.1253052,501.025177,0.167389914,100.6784363,0.55833298,-0.281529993,1,-0.219565243,2.737391472,1,0,0.159999996,111115,1.064096394,0.000513719,298.815863,297.5805191,80.16402653,0.437622902,3.308115913,32.85823693,5.593702932,25.04819107,3.188824623,0.089077982,2.744950649,0.443873974,0.055883535,35.02122933,0.875530614,82.90700519,396.2865492,0.005381223
3,y,15,8:14:21,785.4999824,0,2.544589048,0.090765225,348.0188682,0.510124177,0.563423888,25.66688156,4.7,1.705434832,1,3.410869664,24.42900658,25.66688156,24.04912758,399.9060059,397.3242493,26.79807472,27.26439476,87.79424286,89.32196808,500.1318359,501.1871338,0.112273052,100.676796,0.55833298,-0.281529993,1,-0.219565243,2.737391472,1,0,0.159999996,111115,1.064110289,0.000510124,298.8168816,297.5790066,80.18993961,0.439191135,3.308315796,32.86075768,5.596362924,25.04794407,3.188777682,0.088412517,2.744891908,0.443885774,0.05546449,35.03742458,0.875906439,82.89674208,396.3171175,0.005322459
4,o,6,7:20:03,507.4999887,0,4.173559428,0.689269051,380.6767954,2.562829252,0.437024616,25.42601013,4.8,1.683478308,1,3.366956615,24.42369461,25.42601013,24.05390167,399.7514038,394.7740173,25.68172073,28.07272911,84.10532379,91.93566132,500.0501709,500.0871277,0.448106349,100.6070099,0.55833298,-0.281529993,1,-0.219565243,2.737391472,1,0,0.159999996,111115,1.041771189,0.002562829,298.5760101,297.5736946,80.01393864,-0.453522897,3.261337951,32.4166075,4.343878389,24.92485237,3.165459749,0.572142475,2.824313335,0.341146414,0.366542675,38.29875412,0.964290401,88.53000229,393.1006054,0.009399254
4,o,7,7:20:06,509.9999886,0,4.070900286,0.677424064,380.8490718,2.53807606,0.439089434,25.427351,4.8,1.683478308,1,3.366956615,24.42268753,25.427351,24.05566597,399.7157898,394.8460693,25.68675232,28.05475044,84.1269989,91.88246155,500.0418091,500.1845398,0.117386125,100.6071472,0.55833298,-0.281529993,1,-0.219565243,2.737391472,1,0,0.159999996,111115,1.041753769,0.002538076,298.577351,297.5726875,80.02952458,-0.442497927,3.261597842,32.41914648,4.364396036,24.92501926,3.165491263,0.563957158,2.822508408,0.342982855,0.361169381,38.31613864,0.964550749,88.44307124,393.2138192,0.009156416
4,o,8,7:20:09,513.9999885,0,4.017706571,0.660858159,380.7810856,2.500703303,0.441659873,25.42415619,4.8,1.683478308,1,3.366956615,24.42106628,25.42415619,24.05181122,399.6905212,394.8858643,25.6898632,28.02310181,84.14518738,91.78752899,500.0347595,500.1544495,0.338874578,100.6069489,0.55833298,-0.281529993,1,-0.219565243,2.737391472,1,0,0.159999996,111115,1.041739082,0.002500703,298.5741562,297.5710663,80.02471013,-0.425544988,3.260978644,32.41305577,4.389953959,24.92261124,3.165036583,0.552428767,2.81931877,0.345717813,0.353608031,38.3092232,0.964281379,88.32561705,393.2749424,0.009023367
4,o,9,7:20:12,516.9999884,0,4.117676825,0.648945415,380.2845661,2.473332718,0.443536401,25.4230423,4.8,1.683478308,1,3.366956615,24.4211483,25.4230423,24.05253983,399.7559509,394.8658447,25.69446564,28.00217247,84.16024017,91.71895599,500.0442505,499.9733582,0.22965911,100.6074219,0.55833298,-0.281529993,1,-0.219565243,2.737391472,1,0,0.159999996,111115,1.041758855,0.002473333,298.5730423,297.5711483,79.99573552,-0.41338462,3.26076278,32.41075777,4.408585296,24.9220953,3.164939172,0.544079771,2.817226379,0.347712793,0.348136771,38.25944977,0.963072829,88.2405993,393.2148393,0.009240401
4,o,10,7:20:15,519.9999884,0,4.09597166,0.633416277,380.0920133,2.443816942,0.447252092,25.43043518,4.8,1.683478308,1,3.366956615,24.42001534,25.43043518,24.05414581,399.7397156,394.8822937,25.69966698,27.97955894,84.18276215,91.65085602,500.116333,500.0229797,0.41951257,100.6071472,0.55833298,-0.281529993,1,-0.219565243,2.737391472,1,0,0.159999996,111115,1.041909027,0.002443817,298.5804352,297.5700153,80.00367497,-0.401014608,3.262195698,32.42508895,4.445530008,24.92522526,3.165530161,0.533121582,2.814943606,0.350586555,0.340961712,38.23997314,0.962545091,88.10133396,393.2399911,0.009176599
4,w,1,7:13:10,94.49999789,0,3.322669613,0.127053947,349.8604749,0.873541781,0.696893773,25.53426743,4.8,1.683478308,1,3.366956615,24.44777298,25.53426743,24.05311584,400.8198547,397.2974548,24.88138771,25.69831276,81.36865234,84.04021454,500.0761719,498.9887695,0.109215692,100.6091461,0.55833298,-0.281529993,0.666666687,-0.219565243,2.737391472,1,0,0.159999996,111115,1.041825358,0.000873542,298.6842674,297.597773,79.83820134,0.294932917,3.282379076,32.6250565,6.926743738,24.9910202,3.177975693,0.12243384,2.585485303,0.592490389,0.076923245,35.19916364,0.880600846,78.9261324,395.965212,0.006622942
4,w,2,7:13:16,99.49999778,0,3.256679372,0.124472702,349.9126132,0.855743632,0.696336521,25.53007698,4.8,1.683478308,1,3.366956615,24.44678497,25.53007698,24.05389214,400.7926941,397.3397827,24.89547729,25.69589996,81.41902161,84.03675079,499.9885559,498.8832397,0.037765674,100.6084976,0.55833298,-0.281529993,0.666666687,-0.219565243,2.737391472,1,0,0.159999996,111115,1.041642825,0.000855744,298.680077,297.596785,79.82131658,0.303146649,3.281562411,32.61714953,6.92124957,24.98843098,3.177485117,0.120035134,2.58522589,0.592259227,0.075408414,35.20418232,0.880638256,78.9222837,396.033999,0.006489962
4,w,3,7:13:20,103.9999977,0,3.182767216,0.123536218,350.5732132,0.847301726,0.694516235,25.52077484,4.8,1.683478308,1,3.366956615,24.44690132,25.52077484,24.05246353,400.7018127,397.3230286,24.90335274,25.69589424,81.4444809,84.03642273,499.9790955,498.8406677,0.376640677,100.6088333,0.55833298,-0.281529993,1,-0.219565243,2.737391472,1,0,0.159999996,111115,1.041623116,0.000847302,298.6707748,297.5969013,79.81450505,0.307982041,3.279750175,32.59902801,6.903133771,24.98383808,3.176615073,0.119164,2.585233941,0.591381132,0.074858351,35.27076198,0.882338017,78.96031966,396.0468803,0.006345519
4,w,4,7:13:24,107.9999976,0,3.230973272,0.121275342,349.1303321,0.832273528,0.69446612,25.51802444,4.8,1.683478308,1,3.366956615,24.44585609,25.51802444,24.05262184,400.7148132,397.29599,24.91280556,25.69118309,81.48012543,84.02590179,500.0502625,498.9459229,0.180663705,100.6083832,0.55833298,-0.281529993,1,-0.219565243,2.737391472,1,0,0.159999996,111115,1.04177138,0.000832274,298.6680244,297.5958561,79.83134587,0.315117823,3.279214513,32.59384963,6.902666538,24.98194027,3.176255626,0.117058962,2.584748393,0.591507234,0.073529333,35.12543823,0.878766313,78.94487049,396.0005133,0.006441122
4,w,5,7:13:28,111.9999975,0,3.216151112,0.119827517,348.8107155,0.822521724,0.694334751,25.51845741,4.8,1.683478308,1,3.366956615,24.44347,25.51845741,24.05221939,400.6862183,397.2850342,24.92391014,25.6932373,81.52838135,84.04491425,500.0037537,498.8234253,0.057157177,100.6087341,0.55833298,-0.281529993,1,-0.219565243,2.737391472,1,0,0.159999996,111115,1.041674487,0.000822522,298.6684574,297.59347,79.81174626,0.318978283,3.279298832,32.59457402,6.901336716,24.98096371,3.176070679,0.115709501,2.584964081,0.591106598,0.072677475,35.09340454,0.877986044,78.94062366,395.9955005,0.00641131
5,o,16,7:31:51,1216.499973,0,4.364076208,0.638788001,379.1466449,2.077281659,0.378344409,25.19855499,4.9,1.661521783,1,3.323043567,24.40346146,25.19855499,24.05279732,399.2984924,394.2198181,26.24021339,28.21825218,86.04502869,92.53126526,500.0637817,501.3924866,0.277627259,100.6146088,0.55833298,-0.281529993,1,-0.219565243,2.737391472,1,0,0.159999996,111115,1.02053833,0.002077282,298.348555,297.5534615,80.22279606,-0.211138064,3.217512812,31.97858493,3.760332752,24.80100822,3.142149794,0.535792681,2.839168403,0.30298139,0.342816082,38.14769134,0.961764547,89.83097313,392.4468944,0.009989357
5,o,17,7:31:58,1222.999973,0,4.309996609,0.62682885,379.052857,2.046248713,0.378656497,25.19531822,4.9,1.661521783,1,3.323043567,24.40291786,25.19531822,24.05244637,399.1905212,394.1766357,26.26057816,28.20919228,86.11398315,92.50389862,500.0361938,499.4946899,0.216382205,100.613884,0.55833298,-0.281529993,1,-0.219565243,2.737391472,1,0,0.159999996,111115,1.020482028,0.002046249,298.3453182,297.5529179,79.9191486,-0.199824221,3.216892896,31.97265396,3.763461686,24.79911804,3.141795189,0.527353635,2.838236399,0.30355879,0.337290477,38.13798017,0.961631976,89.78988214,392.425682,0.009861589
5,o,18,7:32:02,1226.999973,0,4.411149788,0.622399763,378.6353852,2.034671129,0.378771111,25.19362068,4.9,1.661521783,1,3.323043567,24.40104294,25.19362068,24.0518074,399.2472839,394.1388245,26.26712227,28.20471954,86.14543152,92.49996185,500.0363464,499.0174255,0.347025067,100.6142502,0.55833298,-0.281529993,1,-0.219565243,2.737391472,1,0,0.159999996,111115,1.02048234,0.002034671,298.3436207,297.5510429,79.8427863,-0.195360294,3.21656782,31.96930667,3.764587129,24.79733181,3.141460118,0.524215242,2.837796708,0.303663409,0.335236614,38.09611538,0.960665029,89.7743344,392.3467769,0.010093317
5,o,19,7:32:07,1231.499972,0,4.403863044,0.614065268,378.5676292,2.016961562,0.379770086,25.19658279,4.9,1.661521783,1,3.323043567,24.40236282,25.19658279,24.05286789,399.3045044,394.2097778,26.27937508,28.20015717,86.17963409,92.47857666,500.0258179,499.1334534,0.045931567,100.6152191,0.55833298,-0.281529993,1,-0.219565243,2.737391472,1,0,0.159999996,111115,1.020460853,0.002016962,298.3465828,297.5523628,79.86135075,-0.187298916,3.217135078,31.9746367,3.774479539,24.79947281,3.141861742,0.518290381,2.837364992,0.304496749,0.331360756,38.08966496,0.960320242,89.7274688,392.4206905,0.010069486
5,o,20,7:32:13,1237.499972,0,4.437404903,0.606965093,378.3860589,1.997325063,0.379782995,25.19288826,4.9,1.661521783,1,3.323043567,24.40116119,25.19288826,24.05265617,399.3847656,394.2649231,26.29141045,28.19340324,86.22406769,92.46175385,500.0527344,499.0744629,0.350096375,100.6137695,0.55833298,-0.281529993,1,-0.219565243,2.737391472,1,0,0.159999996,111115,1.020515784,0.001997325,298.3428883,297.5511612,79.85191228,-0.178159725,3.216427571,31.96806546,3.77466222,24.79702473,3.141402516,0.513223156,2.836644576,0.30475794,0.328047549,38.07084772,0.959725395,89.706367,392.4622093,0.010142721
5,w,11,7:25:59,863.9999807,0,3.082980572,0.222296262,368.0837906,1.076997671,0.50733319,25.3424511,5.5,1.529782638,1,3.059565276,24.41057205,25.3424511,24.05241013,398.6538391,394.7951355,26.05897903,27.2113533,85.41388702,89.19104004,500.0372925,500.4700928,0.077573746,100.6140594,0.55833298,-0.281529993,1,-0.219565243,2.737391472,1,0,0.159999996,111115,0.909158714,0.001076998,298.4924511,297.5605721,80.07521305,0.24364095,3.245177909,32.25372206,5.042368758,24.87651157,3.156343121,0.207239067,2.737844719,0.418498402,0.130797981,37.03440439,0.932341251,84.97886443,393.4348038,0.006658999
5,w,12,7:26:07,870.9999805,0,3.082305108,0.208364357,366.538835,1.029718593,0.515295291,25.3647995,5.5,1.529782638,1,3.059565276,24.41036797,25.3647995,24.05319405,398.6104126,394.7729797,26.07330704,27.17514229,85.46178436,89.07332611,500.0336609,500.4446716,0.213329509,100.6139297,0.55833298,-0.281529993,1,-0.219565243,2.737391472,1,0,0.159999996,111115,0.909152111,0.001029719,298.5147995,297.560368,80.07114567,0.263862638,3.249493148,32.29665272,5.121510434,24.88758373,3.158429199,0.195078971,2.734197857,0.424231342,0.123052198,36.8789126,0.928480048,84.698373,393.412946,0.006635934
5,w,13,7:26:10,874.9999804,0,3.169819233,0.202263204,365.1197107,1.007318894,0.518322493,25.37151527,5.5,1.529782638,1,3.059565276,24.40971375,25.37151527,24.05377197,398.7369385,394.8129883,26.08011246,27.15798187,85.48735046,89.02046967,500.0412598,500.3792114,0.202100977,100.6138229,0.55833298,-0.281529993,1,-0.219565243,2.737391472,1,0,0.159999996,111115,0.909165927,0.001007319,298.5215153,297.5597137,80.06067204,0.273771529,3.250790872,32.30958508,5.151603204,24.89061451,3.159000431,0.189721035,2.732468379,0.426532051,0.119642115,36.73608993,0.924791538,84.58588067,393.4143399,0.006815256
5,w,14,7:26:14,878.4999804,0,3.096801327,0.198234826,365.2428023,0.990160834,0.519212474,25.37036324,5.5,1.529782638,1,3.059565276,24.4108181,25.37036324,24.0535183,398.6662598,394.8301697,26.08724594,27.14673615,85.50566864,88.97833252,500.0562134,500.3118591,0.172500566,100.6145172,0.55833298,-0.281529993,1,-0.219565243,2.737391472,1,0,0.159999996,111115,0.909193115,0.000990161,298.5203632,297.5608181,80.04989567,0.282336716,3.250568225,32.30714926,5.160413117,24.89059067,3.158995937,0.186172378,2.731355751,0.427640186,0.117384508,36.74872822,0.925063053,84.53937128,393.4637397,0.006653768
5,w,15,7:26:20,884.4999802,0,3.117996415,0.189787586,363.9384661,0.959022575,0.52390955,25.38000488,5.5,1.529782638,1,3.059565276,24.40957832,25.38000488,24.054039,398.6971741,394.8511658,26.09226418,27.11849403,85.52872467,88.89263916,500.0423889,500.3500366,0.247010633,100.6148224,0.55833298,-0.281529993,1,-0.219565243,2.737391472,1,0,0.159999996,111115,0.90916798,0.000959023,298.5300049,297.5595783,80.05600407,0.296259544,3.252432011,32.32557524,5.207081204,24.8947916,3.159787864,0.178702508,2.728522461,0.431265403,0.112634763,36.61760412,0.921710502,84.36799205,393.4753837,0.006685529
5,y,21,7:39:11,1655.999963,0,4.084059211,0.391149057,374.3216393,1.558515982,0.433923368,25.39830208,4.8,1.683478308,1,3.366956615,24.38095284,25.39830208,24.05287933,399.8983154,395.3868713,26.59594536,28.04988861,87.32358551,92.09737396,500.0909729,500.8888855,0.238846317,100.6081772,0.55833298,-0.281529993,1,-0.219565243,2.737391472,1,0,0.159999996,111115,1.041856194,0.001558516,298.5483021,297.5309528,80.14221989,-0.001985092,3.255971531,32.36289159,4.313002977,24.88962746,3.158814384,0.350437699,2.822048163,0.336766221,0.222350302,37.65981781,0.94672248,87.68819711,393.7493451,0.009095222
5,y,22,7:39:16,1660.999963,0,4.10635684,0.386013779,374.1509459,1.541741667,0.434369848,25.39357376,4.8,1.683478308,1,3.366956615,24.38136292,25.39357376,24.05187035,400.0700378,395.5431213,26.59825325,28.03663254,87.32814789,92.05068207,500.0682983,500.9484863,0.518518984,100.6071854,0.55833298,-0.281529993,1,-0.219565243,2.737391472,1,0,0.159999996,111115,1.041808955,0.001541742,298.5435738,297.5313629,80.15175602,0.00626163,3.255056535,32.35411589,4.317483351,24.88746834,3.158407452,0.346310125,2.820686687,0.337720765,0.219692082,37.64227357,0.945916958,87.65533624,393.8966547,0.009138034
5,y,23,7:39:20,1664.999963,0,3.991703924,0.380595455,374.5190326,1.528419826,0.436126481,25.39783287,4.8,1.683478308,1,3.366956615,24.38237,25.39783287,24.0535965,400.0494385,395.6378784,26.600914,28.02675438,87.33352661,92.01470947,500.11203,500.9153442,0.531774938,100.609375,0.55833298,-0.281529993,0.666666687,-0.219565243,2.737391472,1,0,0.159999996,111115,1.041900063,0.00152842,298.5478329,297.53237,80.14645329,0.011820761,3.255880723,32.3616037,4.334849325,24.89010143,3.158903721,0.341942783,2.819754241,0.33914948,0.216880483,37.6801258,0.946620769,87.59065013,394.0373825,0.008873167
5,y,24,7:39:24,1669.499963,0,3.972370954,0.376574572,374.4162346,1.516178815,0.436784035,25.39596748,4.8,1.683478308,1,3.366956615,24.37991905,25.39596748,24.05268288,400.0175476,395.6283264,26.60209465,28.01681328,87.34965515,91.99497986,500.0119019,500.7218933,0.490949214,100.6087189,0.55833298,-0.281529993,0.666666687,-0.219565243,2.737391472,1,0,0.159999996,111115,1.041691462,0.001516179,298.5459675,297.5299191,80.11550114,0.01694795,3.255519726,32.35822663,4.341413347,24.88794327,3.158496959,0.338693651,2.818735691,0.339761268,0.214789452,37.66953769,0.946383789,87.5572974,394.0355822,0.008826869
5,y,25,7:39:29,1673.999963,0,4.067033657,0.369910083,373.7654285,1.495781933,0.437895121,25.39418221,4.8,1.683478308,1,3.366956615,24.37990761,25.39418221,24.05317307,400.2075195,395.7351685,26.60664368,28.00230408,87.36474609,91.94748688,500.0287781,500.9065552,0.553197265,100.6088333,0.55833298,-0.281529993,1,-0.219565243,2.737391472,1,0,0.159999996,111115,1.041726621,0.001495782,298.5441822,297.5299076,80.14504704,0.026635921,3.255174265,32.35475611,4.352452035,24.88704491,3.158327653,0.333292917,2.817279143,0.341048509,0.211315027,37.60410369,0.944483731,87.50218812,394.1044687,0.009029949
21,o,1,7:11:25,153.9999966,0,4.109731026,0.102371279,326.4742914,0.654335134,0.642276362,25.51063919,4.3,1.793260929,1,3.586521858,24.44026947,25.51063919,24.05304718,399.818634,396.0616455,25.63613129,26.18408775,83.91087341,85.70441437,500.0339661,498.695343,0.544028103,100.6527405,0.55833298,-0.281529993,1,-0.219565243,2.737391472,1,0,0.159999996,111115,1.162869689,0.000654335,298.6606392,297.5902695,79.7912531,0.373489711,3.277776551,32.56519927,6.381111519,24.97545433,3.175027454,0.099530352,2.635500189,0.539527265,0.06245562,32.86053212,0.824301709,80.37234709,394.5147047,0.008372533
21,o,2,7:11:30,159.4999964,0,4.247933749,0.102701796,324.4397414,0.654629423,0.640539358,25.50632095,4.3,1.793260929,1,3.586521858,24.43848419,25.50632095,24.05323219,399.8808899,396.005127,25.64541817,26.19359589,83.94831085,85.74272919,500.052063,498.6951904,0.411341786,100.6504288,0.55833298,-0.281529993,1,-0.219565243,2.737391472,1,0,0.159999996,111115,1.162911774,0.000654629,298.656321,297.5884842,79.79122869,0.3736487,3.276936015,32.55759617,6.364000287,24.97240257,3.174449719,0.099842751,2.636396657,0.538053062,0.062652439,32.65499909,0.819281669,80.42214311,394.4061654,0.008661831
21,o,3,7:11:47,175.9999961,0,4.245135092,0.101541026,323.7313999,0.645693863,0.638804601,25.50946426,4.3,1.793260929,1,3.586521858,24.43499947,25.50946426,24.05424118,399.8650513,395.9944458,25.6763134,26.2170372,84.06658173,85.83695984,500.0135803,498.7073364,0.621615589,100.6499405,0.55833298,-0.281529993,1,-0.219565243,2.737391472,1,0,0.159999996,111115,1.16282228,0.000645694,298.6594643,297.5849995,79.79317204,0.376737937,3.277547835,32.56383282,6.346795616,24.97223186,3.174417405,0.098745363,2.638743234,0.535674171,0.06196108,32.58354614,0.817515001,80.47236745,394.3965377,0.008661741
21,o,4,7:11:59,187.9999958,0,4.321379499,0.101139757,322.215079,0.640924927,0.636530783,25.50627518,4.3,1.793260929,1,3.586521858,24.43424606,25.50627518,24.05410385,399.8919678,395.9574585,25.69669724,26.2334156,84.13726044,85.89460754,500.0161438,498.6990967,0.531792998,100.650116,0.55833298,-0.281529993,1,-0.219565243,2.737391472,1,0,0.159999996,111115,1.162828241,0.000640925,298.6562752,297.5842461,79.79185369,0.379026185,3.276927105,32.55760884,6.324193236,24.97026062,3.174044277,0.098365845,2.640396323,0.533647954,0.061721996,32.43098507,0.813761863,80.53597049,394.3308513,0.008825748
21,o,5,7:12:04,192.9999957,0,4.329623052,0.10104412,322.0101173,0.639246324,0.635445822,25.50422859,4.3,1.793260929,1,3.586521858,24.43530273,25.50422859,24.05368614,399.8843689,395.9434204,25.70499229,26.2402916,84.15892792,85.91151428,500.025116,498.6765747,0.362351358,100.64991,0.55833298,-0.281529993,1,-0.219565243,2.737391472,1,0,0.159999996,111115,1.162849107,0.000639246,298.6542286,297.5853027,79.78825017,0.380048879,3.276528808,32.55371822,6.313426626,24.96976566,3.173950594,0.098275379,2.641082987,0.532867608,0.061665007,32.41028932,0.813273061,80.56625084,394.3137102,0.008846294
21,w,11,7:20:18,687.9999846,0,3.775067959,0.386673891,374.7150975,1.47095856,0.418681964,25.25695801,5.55,1.518804376,1,3.037608752,24.40925026,25.25695801,24.05314636,399.4690552,394.6349487,26.33157539,27.91856956,86.34597778,91.55001831,500.0584106,499.5604858,0.336843461,100.6510849,0.55833298,-0.281529993,1,-0.219565243,2.737391472,1,0,0.159999996,111115,0.901006145,0.001470959,298.406958,297.5592503,79.92967595,0.060268213,3.228716279,32.07830579,4.159736223,24.83310413,3.14817644,0.343010235,2.810034316,0.338142125,0.217918744,37.71548109,0.949523347,88.14110657,392.9572008,0.008467555
21,w,12,7:20:34,703.9999843,0,3.724048151,0.370431852,374.2718919,1.43191745,0.423421458,25.27397537,5.55,1.518804376,1,3.037608752,24.40863037,25.27397537,24.05186081,399.4233398,394.6628723,26.3588562,27.90376663,86.43930054,91.50556183,500.0540161,499.600769,0.427672714,100.6518478,0.55833298,-0.281529993,1,-0.219565243,2.737391472,1,0,0.159999996,111115,0.900998227,0.001431917,298.4239754,297.5586304,79.93612126,0.077316318,3.231987131,32.11055933,4.206792695,24.84130287,3.149717536,0.330168318,2.808565673,0.341151862,0.209630612,37.67115752,0.948333168,87.96179351,393.0077991,0.00833505
21,w,13,7:20:49,717.999984,0,3.815822832,0.356237528,373.1062136,1.393888526,0.42681577,25.28508568,5.55,1.518804376,1,3.037608752,24.40853691,25.28508568,24.05433846,399.4555054,394.6099854,26.38718224,27.89106178,86.53334045,91.46511841,500.0609131,499.675415,0.325619698,100.6526184,0.55833298,-0.281529993,1,-0.219565243,2.737391472,1,0,0.159999996,111115,0.901010654,0.001393889,298.4350857,297.5585369,79.94806462,0.094749376,3.234124169,32.13154531,4.240483526,24.84681129,3.15075331,0.318844798,2.807308399,0.343444911,0.202330934,37.55411734,0.945506266,87.82253858,392.9141248,0.008528969
21,w,14,7:20:56,725.4999838,0,3.872726004,0.349001336,372.4102138,1.372965359,0.428211277,25.28817177,5.55,1.518804376,1,3.037608752,24.40700722,25.28817177,24.05301094,399.4620972,394.5626831,26.4017849,27.88309479,86.5891571,91.44737244,500.0634766,499.6322327,0.439923555,100.652626,0.55833298,-0.281529993,1,-0.219565243,2.737391472,1,0,0.159999996,111115,0.901015273,0.001372965,298.4381718,297.5570072,79.94115544,0.104390222,3.234717989,32.13744257,4.254347785,24.84758949,3.150899662,0.313035597,2.806506712,0.34439295,0.19858913,37.48406598,0.94385564,87.75887938,392.8415332,0.008651481
21,w,15,7:21:03,732.4999836,0,3.856688386,0.34211699,372.1802101,1.354846413,0.430181807,25.29336357,5.55,1.518804376,1,3.037608752,24.40573692,25.29336357,24.05320549,399.493866,394.6200562,26.41197968,27.87376785,86.62818146,91.42266846,500.059021,499.7216187,0.741056502,100.6514587,0.55833298,-0.281529993,1,-0.219565243,2.737391472,1,0,0.159999996,111115,0.901007245,0.001354846,298.4433636,297.5557369,79.9554572,0.112649657,3.235717202,32.14774274,4.273974886,24.84955025,3.151268438,0.307485768,2.805535395,0.345733043,0.195016341,37.46048106,0.943135566,87.6812983,392.9060338,0.008606624
21,y,6,7:15:25,394.9999912,0,3.482680222,0.92285317,386.4959356,2.251056722,0.30271293,24.7003212,4.7,1.705434832,1,3.410869664,24.41837311,24.7003212,24.05109787,399.9242249,395.8131409,25.96819305,28.02479935,85.10394287,91.84393311,500.0210876,500.3890381,0.167390943,100.6464386,0.55833298,-0.281529993,1,-0.219565243,2.737391472,1,0,0.159999996,111115,1.063874655,0.002251057,297.8503212,297.5683731,80.0622443,-0.226311393,3.123309177,31.0324858,3.007686455,24.55934715,3.097095958,0.726334379,2.820596247,0.276499711,0.468293994,38.89943945,0.976460596,92.13973361,394.4347187,0.008135522
21,y,7,7:15:34,403.499991,0,3.485481632,0.897659428,386.3460637,2.219376036,0.305048747,24.70846748,4.7,1.705434832,1,3.410869664,24.41726303,24.70846748,24.05247116,399.9561462,395.8543701,25.98873329,28.01629448,85.17816162,91.82349396,500.0503845,500.295105,0.031642415,100.6478958,0.55833298,-0.281529993,1,-0.219565243,2.737391472,1,0,0.159999996,111115,1.063936988,0.002219376,297.8584675,297.567263,80.04721501,-0.213419156,3.124829835,31.0471452,3.030850717,24.56286526,3.09774778,0.710636797,2.819781088,0.277966692,0.457860724,38.88491836,0.975980292,92.03661665,394.4748392,0.008132127
21,y,8,7:15:42,411.4999908,0,3.501006256,0.876377515,386.1008008,2.192867883,0.30719868,24.71387482,4.7,1.705434832,1,3.410869664,24.41444778,24.71387482,24.05340576,399.9148254,395.8083191,26.00165367,28.00506783,85.23455811,91.80183411,500.0386658,500.2354431,0.027560266,100.6475296,0.55833298,-0.281529993,1,-0.219565243,2.737391472,1,0,0.159999996,111115,1.063912055,0.002192868,297.8638748,297.5644478,80.03766911,-0.202656084,3.125839573,31.05729058,3.052222757,24.5641613,3.097987936,0.697232829,2.818640893,0.279347043,0.448963144,38.86009177,0.975474193,91.94329105,394.4226436,0.008161145
21,y,9,7:15:50,418.9999906,0,3.521671058,0.854555845,385.8615514,2.165828584,0.309572657,24.72038841,4.7,1.705434832,1,3.410869664,24.41338348,24.72038841,24.0528183,399.9103394,395.7945862,26.01505661,27.99374771,85.28338623,91.76999664,500.0494995,500.3314819,0.00612425,100.6468887,0.55833298,-0.281529993,1,-0.219565243,2.737391472,1,0,0.159999996,111115,1.063935105,0.002165829,297.8703884,297.5633835,80.05303532,-0.19133142,3.127056268,31.06957708,3.075829374,24.56688595,3.098492866,0.68335002,2.817483611,0.281009255,0.43975862,38.83576463,0.974903561,91.84266515,394.4007317,0.008200787
21,y,10,7:15:57,426.4999905,0,3.532299427,0.837830968,385.7155013,2.145122096,0.311504668,24.7267189,4.7,1.705434832,1,3.410869664,24.41267586,24.7267189,24.05112267,399.9357605,395.8173523,26.02653885,27.98648071,85.32411194,91.74948883,500.0103455,500.4341125,0.131672144,100.6462555,0.55833298,-0.281529993,1,-0.219565243,2.737391472,1,0,0.159999996,111115,1.063851799,0.002145122,297.8767189,297.5626759,80.06945622,-0.182754012,3.128239156,31.0815255,3.095044784,24.56969738,3.099013954,0.672613225,2.816734488,0.282279466,0.432647555,38.82082089,0.974478504,91.76254071,394.4192912,0.008217975
22,o,21,7:32:43,1432.499987,0,3.512940442,0.176140634,358.5786703,0.834483821,0.487122261,25.49889183,4.9,1.661521783,1,3.323043567,24.4116993,25.49889183,24.05247116,398.6880188,394.9227295,26.90120125,27.69626999,88.22336578,90.83081055,500.0475159,500.7149048,0.658339798,100.6766663,1.299482822,-0.287471384,1,-0.219565243,2.737391472,1,0,0.159999996,111115,1.020505134,0.000834484,298.6488918,297.5616993,80.11438297,0.318974707,3.275490391,32.53475222,4.838482231,24.95529556,3.171212855,0.167274132,2.78836813,0.382844725,0.105308347,36.10050512,0.907971721,85.43834077,393.4955831,0.007627527
22,o,22,7:32:53,1441.999987,0,3.495262872,0.173882291,358.3968527,0.824434606,0.487195627,25.49601936,4.9,1.661521783,1,3.323043567,24.41227341,25.49601936,24.05275345,398.730011,394.9856262,26.90439796,27.68995094,88.23093414,90.80709839,500.0133362,500.6687622,0.777782559,100.6768112,1.299482822,-0.287471384,1,-0.219565243,2.737391472,1,0,0.159999996,111115,1.02043538,0.000824435,298.6460194,297.5622734,80.10700016,0.323881612,3.274931591,32.52915494,4.839203995,24.95414639,3.17099552,0.165236111,2.787735964,0.383259556,0.104016063,36.08225228,0.907366823,85.42434508,393.5656614,0.00758655
22,o,23,7:33:00,1449.999987,0,3.48692855,0.169871408,357.707687,0.806791775,0.487478395,25.49297333,4.9,1.661521783,1,3.323043567,24.41160202,25.49297333,24.05257416,398.7025146,394.9732666,26.91211319,27.68083572,88.26113892,90.78224182,500.0308228,500.9629822,0.844142675,100.6783447,1.299482822,-0.287471384,1,-0.219565243,2.737391472,1,0,0.159999996,111115,1.020471067,0.000806792,298.6429733,297.561602,80.15407536,0.332681964,3.274339116,32.52277463,4.841938909,24.95228767,3.170644023,0.161610029,2.786860721,0.383783301,0.101717376,36.01341783,0.905650375,85.39661329,393.5566877,0.007566175
22,o,24,7:33:16,1465.499986,0,3.460935651,0.164509909,356.8522102,0.784453877,0.488682873,25.49529266,4.9,1.661521783,1,3.323043567,24.40999222,25.49529266,24.05254173,398.6240845,394.9290466,26.92567062,27.67310333,88.31491089,90.7664566,500.0387878,500.8921814,0.774721205,100.6792526,1.299482822,-0.287471384,1,-0.219565243,2.737391472,1,0,0.159999996,111115,1.020487322,0.000784454,298.6452927,297.5599922,80.14274723,0.34226893,3.274790234,32.5269621,4.853858765,24.95264244,3.170711109,0.156749882,2.786107361,0.384603748,0.098637515,35.92761382,0.903585627,85.34007169,393.5230274,0.007505444
22,o,25,7:33:21,1470.499986,0,3.622319305,0.16409789,355.0915144,0.782810909,0.488827572,25.49451828,4.9,1.661521783,1,3.323043567,24.4104538,25.49451828,24.05309296,398.7388916,394.8866882,26.92433739,27.67014694,88.3081665,90.75432587,500.07901,500.903656,0.815549731,100.6793365,1.299482822,-0.287471384,1,-0.219565243,2.737391472,1,0,0.159999996,111115,1.020569408,0.000782811,298.6445183,297.5604538,80.14458317,0.343181916,3.274639608,32.52543889,4.855291945,24.95248604,3.170681533,0.156375772,2.785812036,0.384869497,0.098400497,35.75037808,0.899223815,85.33335751,393.4151062,0.00785696
22,w,16,7:26:10,1039.499996,0,2.642007188,0.110243792,353.4397096,0.568833588,0.521563643,25.43779564,5.3,1.573695686,1,3.147391373,24.43130302,25.43779564,24.05125999,399.1598816,396.1207886,26.65307426,27.23955917,87.29660034,89.21751404,500.0462341,500.8056335,0.69510287,100.6645966,1.299482822,-0.287471384,1,-0.219565243,2.737391472,1,0,0.159999996,111115,0.943483461,0.000568834,298.5877956,297.581303,80.12889958,0.471591059,3.263622877,32.42076151,5.181202336,24.93454933,3.167291274,0.106512959,2.742059235,0.42523204,0.066896031,35.57886577,0.892252363,84.08495476,394.9875613,0.005624305
22,w,17,7:26:16,1045.499996,0,2.617514568,0.109542598,353.6713565,0.564603175,0.520882881,25.43821526,5.3,1.573695686,1,3.147391373,24.43260574,25.43821526,24.05486298,399.237915,396.2268677,26.66514778,27.24719429,87.32913971,89.23535919,500.1082153,500.7336426,0.850264728,100.66436,1.299482822,-0.287471384,1,-0.219565243,2.737391472,1,0,0.159999996,111115,0.943600406,0.000564603,298.5882153,297.5826057,80.11738102,0.473594102,3.263704257,32.4216461,5.174451815,24.9354105,3.167453973,0.105858279,2.742821376,0.424632597,0.066482859,35.60210077,0.892598118,84.10263228,395.104146,0.005571692
22,w,18,7:26:23,1051.999996,0,2.657345002,0.108865156,352.791792,0.561935506,0.52153633,25.44445419,5.3,1.573695686,1,3.147391373,24.4340477,25.44445419,24.05304909,399.2408142,396.1881409,26.67323685,27.25263596,87.34837341,89.24576569,500.0167847,500.5894775,1.15032661,100.6646881,1.299482822,-0.287471384,1,-0.219565243,2.737391472,1,0,0.159999996,111115,0.943427896,0.000561936,298.5944542,297.5840477,80.09431462,0.474016803,3.264914429,32.43356226,5.180926303,24.93925095,3.168179631,0.105225509,2.743378099,0.424801532,0.066083537,35.51367571,0.890465301,84.08513624,395.0483348,0.005656098
22,w,19,7:26:29,1057.999996,0,2.691704113,0.109943019,352.6610904,0.566668889,0.520937341,25.44600677,5.3,1.573695686,1,3.147391373,24.43587112,25.44600677,24.05312538,399.2756958,396.1852112,26.67767715,27.26183891,87.35253906,89.26530457,500.112915,500.5431519,0.936982334,100.6637268,1.299482822,-0.287471384,1,-0.219565243,2.737391472,1,0,0.159999996,111115,0.943609274,0.000566669,298.5960068,297.5858711,80.08690251,0.471706895,3.265215646,32.43686429,5.17502538,24.94093895,3.168498628,0.106232173,2.744278305,0.424220323,0.066718822,35.50017966,0.890141985,84.11003841,395.0306676,0.005731184
22,w,20,7:26:37,1065.999995,0,2.704603568,0.108316659,351.7943301,0.558685624,0.521052733,25.44743538,5.3,1.573695686,1,3.147391373,24.4347477,25.44743538,24.05270195,399.2008972,396.0996399,26.68720627,27.26323128,87.39030457,89.27656555,500.0314941,500.5709534,0.90637356,100.6645203,1.299482822,-0.287471384,1,-0.219565243,2.737391472,1,0,0.159999996,111115,0.943455649,0.000558686,298.5974354,297.5847477,80.09135075,0.475250463,3.265492831,32.43936217,5.176130895,24.94109154,3.168527465,0.104712988,2.744440097,0.424087367,0.065760117,35.41320747,0.888146049,84.09989708,394.9395634,0.005759283
22,y,26,7:39:28,1837.999978,0,3.201318363,0.345549062,378.8291951,1.228969782,0.38302665,25.19509315,4.8,1.683478308,1,3.366956615,24.41157913,25.19509315,24.05034447,400.8993225,397.3574219,26.99557114,28.14212418,88.55123901,92.31217194,500.024231,500.9807434,1.116625786,100.696846,1.299482822,-0.287471384,1,-0.219565243,2.737391472,1,0,0.159999996,111115,1.041717148,0.00122897,298.3450932,297.5615791,80.15691715,0.173806877,3.216849794,31.94588432,3.803760148,24.80333614,3.142586567,0.313386376,2.833823144,0.308763423,0.198522684,38.14690512,0.953371384,88.86688818,396.0738355,0.007182782
22,y,27,7:39:38,1847.499978,0,3.156179879,0.336030787,378.675892,1.211749714,0.38735866,25.21970749,4.8,1.683478308,1,3.366956615,24.41258812,25.21970749,24.05203629,400.9104919,397.4184265,27.01495171,28.14543343,88.61106873,92.31912994,500.0252075,500.8299255,1.226848125,100.6986771,1.299482822,-0.287471384,1,-0.219565243,2.737391472,1,0,0.159999996,111115,1.041719182,0.00121175,298.3697075,297.5625881,80.13278629,0.178548113,3.221566572,31.99214395,3.846710519,24.8161478,3.144991294,0.305537384,2.834207911,0.310783383,0.19348482,38.13216136,0.952839292,88.72827172,396.1529386,0.007069047
22,y,28,7:39:56,1865.999978,0,3.035382613,0.321879508,378.6690201,1.181272788,0.3927057,25.24505234,4.8,1.683478308,1,3.366956615,24.4123764,25.24505234,24.05024719,400.8221741,397.4575806,27.03832817,28.14040565,88.68956757,92.30454254,500.0147705,500.9289551,1.058451176,100.6994705,1.299482822,-0.287471384,1,-0.219565243,2.737391472,1,0,0.159999996,111115,1.041697439,0.001181273,298.3950523,297.5623764,80.14863102,0.189436202,3.226429649,32.04018484,3.899779189,24.82871437,3.147351579,0.293793029,2.83372395,0.313627629,0.185953109,38.13176983,0.952728137,88.54587659,396.240527,0.006783017
22,y,29,7:40:04,1874.499977,0,3.126235598,0.313755147,377.7371513,1.166014719,0.396790958,25.26289177,4.8,1.683478308,1,3.366956615,24.41358566,25.26289177,24.05093193,400.8859253,397.440033,27.04591751,28.13374329,88.70842743,92.27640533,500.0258179,500.7072449,1.052327871,100.699913,1.299482822,-0.287471384,1,-0.219565243,2.737391472,1,0,0.159999996,111115,1.041720454,0.001166015,298.4128918,297.5635857,80.11315739,0.193992998,3.22985646,32.07407398,3.940330689,24.83823872,3.149141497,0.287009697,2.833065502,0.316075995,0.18160641,38.03809828,0.950425523,88.41331909,396.1865514,0.006976533
22,y,30,7:40:12,1881.999977,0,3.174156896,0.307283101,376.9774753,1.154363875,0.400391425,25.2797451,4.8,1.683478308,1,3.366956615,24.41350555,25.2797451,24.05145836,400.7922974,397.3054504,27.05316734,28.12998772,88.73319244,92.26512146,500.0908203,501.0282593,1.167707086,100.7005539,1.299482822,-0.287471384,1,-0.219565243,2.737391472,1,0,0.159999996,111115,1.041855876,0.001154364,298.4297451,297.5635056,80.16451969,0.19777803,3.233096769,32.10604753,3.976059811,24.84662533,3.150718337,0.281584477,2.832705344,0.318012993,0.17813181,37.96184057,0.948835398,88.29915555,396.0327546,0.007077076
24,o,26,7:57:45,2770.999938,0,4.412788217,0.238445456,359.9304639,1.156509039,0.508125229,25.86535454,5.2,1.595652211,1,3.191304421,24.56527328,25.86535454,24.04748726,399.6138306,394.5500183,27.06267357,28.23147774,87.85090637,91.64508057,500.0039673,499.7949219,0.976781726,100.5736389,0.55833298,-0.281529993,1,-0.219565243,2.737391472,1,0,0.159999996,111115,0.961546091,0.001156509,299.0153545,297.7152733,79.96718571,0.150579172,3.347467677,33.28374824,5.0522705,25.21531391,3.2207242,0.221868085,2.839342448,0.381381752,0.140067371,36.19951651,0.9122556,85.42771177,392.6833007,0.00959996
24,o,27,7:57:51,2776.999938,0,4.421816789,0.231191756,358.908635,1.124706279,0.508587938,25.85787201,5.2,1.595652211,1,3.191304421,24.55971909,25.85787201,24.05134773,399.582489,394.5229187,27.07554436,28.2121067,87.92196655,91.61270142,500.0583496,499.7514954,0.800235987,100.5737152,0.55833298,-0.281529993,1,-0.219565243,2.737391472,1,0,0.159999996,111115,0.961650672,0.001124706,299.007872,297.7097191,79.96023747,0.165746852,3.345984324,33.26897407,5.056867367,25.20879555,3.219474801,0.215574608,2.837396385,0.382078416,0.136055282,36.09677485,0.909728226,85.37730679,392.6523818,0.009614683
24,o,28,7:57:56,2782.499938,0,4.519025234,0.225799048,357.4666657,1.099956008,0.508484333,25.84763336,5.2,1.595652211,1,3.191304421,24.55973434,25.84763336,24.04985046,399.6869202,394.5364075,27.08132172,28.19289398,87.94086456,91.55045319,500.0587463,499.4513855,0.786962509,100.573967,0.55833298,-0.281529993,1,-0.219565243,2.737391472,1,0,0.159999996,111115,0.961651435,0.001099956,298.9976334,297.7097343,79.91221989,0.17816764,3.343955521,33.24871855,5.055824565,25.20368385,3.21849532,0.210878455,2.835471188,0.383024132,0.133062982,35.95184063,0.906042279,85.3486279,392.624749,0.009823441
24,o,29,7:58:01,2786.999938,0,4.396566989,0.22186547,357.8305065,1.081141251,0.508072249,25.83637238,5.2,1.595652211,1,3.191304421,24.55299377,25.83637238,24.04985046,399.5472717,394.5316772,27.08223152,28.17484283,87.97920227,91.52865601,500.0440063,499.4371338,0.647103012,100.5738754,0.55833298,-0.281529993,1,-0.219565243,2.737391472,1,0,0.159999996,111115,0.961623089,0.001081141,298.9863724,297.7029938,79.90993962,0.187583972,3.341725382,33.22657467,5.051731838,25.19468307,3.216771263,0.207443602,2.833653133,0.38311813,0.130875168,35.98840079,0.906975351,85.33415302,392.6718216,0.009554475
24,o,30,7:58:06,2792.499938,0,4.481343555,0.216089513,356.3101193,1.054959752,0.508167612,25.82754517,5.2,1.595652211,1,3.191304421,24.55080032,25.82754517,24.04953575,399.6112061,394.5177917,27.09028816,28.15654755,88.0168457,91.48114014,500.0030823,499.5187988,0.666496694,100.5737839,0.55833298,-0.281529993,1,-0.219565243,2.737391472,1,0,0.159999996,111115,0.961544389,0.00105496,298.9775452,297.7008003,79.92300603,0.200890367,3.339978139,33.20923217,5.052684626,25.18917274,3.215716183,0.202385586,2.831810528,0.383905655,0.127654732,35.83545693,0.903153487,85.29911886,392.6220736,0.009735944
24,w,31,8:03:02,3087.999931,0,4.032725721,0.099723268,327.0775889,0.513036502,0.517472348,25.59501266,5.2,1.595652211,1,3.191304421,24.4834938,25.59501266,24.05090332,400.9746704,396.569458,27.09064293,27.60942078,88.37259674,90.06491089,500.0471191,498.6581116,0.577705204,100.5731049,0.55833298,-0.281529993,1,-0.219565243,2.737391472,1,0,0.159999996,111115,0.961629075,0.000513037,298.7450127,297.6334938,79.78529607,0.475485847,3.294237519,32.75465666,5.145235882,25.03925323,3.187126419,0.096701497,2.776765171,0.410361248,0.060702848,32.89520864,0.824767471,84.29352553,394.8635162,0.008608865
24,w,32,8:03:09,3095.499931,0,4.092648665,0.0992725,325.6503242,0.511294744,0.517971902,25.60694313,5.2,1.595652211,1,3.191304421,24.48006821,25.60694313,24.05081749,400.8910522,396.4239502,27.1107769,27.62782669,88.45585632,90.14286804,500.0055542,498.4747314,0.308238477,100.5724792,0.55833298,-0.281529993,1,-0.219565243,2.737391472,1,0,0.159999996,111115,0.961549143,0.000511295,298.7569431,297.6300682,79.75595525,0.474104285,3.296570928,32.77806168,5.150234992,25.04350567,3.18793429,0.096277575,2.778599027,0.409335264,0.060435579,32.75146047,0.821469853,84.2870003,394.6926595,0.008739891
24,w,33,8:03:15,3101.499931,0,4.146958846,0.098746382,324.3225406,0.508386265,0.517682254,25.61157227,5.2,1.595652211,1,3.191304421,24.48173141,25.61157227,24.04999924,400.8649292,396.3433533,27.12563896,27.63965416,88.49571991,90.17266846,500.0903015,501.0849609,0.371527821,100.5726929,0.55833298,-0.281529993,1,-0.219565243,2.737391472,1,0,0.159999996,111115,0.961712118,0.000508386,298.7615723,297.6317314,80.17359196,0.479572808,3.297476702,32.78699822,5.147344063,25.04665184,3.18853211,0.095782644,2.779794449,0.408737661,0.060123553,32.61799127,0.818286816,84.297422,394.589088,0.008859291
24,w,34,8:03:21,3106.999931,0,4.248611162,0.097059695,321.4373539,0.500452791,0.518187122,25.6178875,5.2,1.595652211,1,3.191304421,24.4789753,25.6178875,24.05233192,400.9601746,396.3361816,27.14100647,27.64699554,88.56024933,90.21127319,500.0912781,500.8573303,0.511360705,100.5724335,0.55833298,-0.281529993,1,-0.219565243,2.737391472,1,0,0.159999996,111115,0.961713996,0.000500453,298.7678875,297.6289753,80.13717106,0.481810142,3.298712742,32.79937284,5.152377291,25.0484314,3.188870296,0.094194871,2.78052562,0.408344676,0.059122648,32.32773689,0.811021978,84.27977875,394.538915,0.009075708
24,w,35,8:03:27,3113.49993,0,4.298997867,0.096215904,319.8880806,0.495443402,0.517374317,25.61750031,5.2,1.595652211,1,3.191304421,24.47814751,25.61750031,24.05179977,400.9233398,396.2490234,27.15289307,27.65381813,88.60503387,90.23964691,500.0869751,500.9026184,0.549141645,100.5742722,0.55833298,-0.281529993,1,-0.219565243,2.737391472,1,0,0.159999996,111115,0.961705721,0.000495443,298.7675003,297.6281475,80.14441715,0.484197375,3.298636948,32.79801959,5.144201457,25.04782391,3.188754846,0.093399952,2.781262631,0.407492215,0.058621599,32.17251087,0.807290521,84.30000328,394.430442,0.009188072
24,y,36,8:08:15,3400.999924,0,2.043934391,0.392713863,376.2702127,6.669852816,1.851243276,25.4069767,4.3,1.793260929,1,3.586521858,24.41981506,25.4069767,24.05009842,400.9020386,396.8680725,8.328334808,13.98380089,27.27194977,45.79133224,500.0349426,499.2473755,0.606296539,100.5740509,0.55833298,-0.281529993,0.333333343,-0.219565243,2.737391472,1,0,0.159999996,111115,1.16287196,0.006669853,298.5569767,297.5698151,79.87957829,-2.176017608,3.257650778,32.39056942,18.40676853,24.91339588,3.163297083,0.353956627,1.406407502,1.75688958,0.224406502,37.84301952,0.948098975,47.56498035,396.0987167,0.002454431
24,y,37,8:08:27,3413.499924,0,2.15776712,0.316191066,373.3633394,5.722538549,1.935563962,25.41162109,4.3,1.793260929,1,3.586521858,24.4230175,25.41162109,24.04967308,400.9133911,397.1038208,8.298356056,13.15447903,27.16830063,43.06694412,500.0537415,499.1648865,0.429702878,100.5730591,0.55833298,-0.281529993,0.333333343,-0.219565243,2.737391472,1,0,0.159999996,111115,1.162915678,0.005722539,298.5616211,297.5730175,79.86638005,-1.773211157,3.258550158,32.3998314,19.24535238,24.9173193,3.164037569,0.290573812,1.322986196,1.841051373,0.183748638,37.55029319,0.940215933,44.14058524,396.2916173,0.002403409
24,y,38,8:08:40,3426.499923,0,2.139742453,0.268062984,371.3986061,5.061387594,1.995014046,25.41577339,4.3,1.793260929,1,3.586521858,24.42811203,25.41577339,24.04879189,400.9123535,397.3425598,8.273039818,12.57119179,27.07752419,41.14530563,499.9908752,499.1242065,0.705281377,100.5744247,0.55833298,-0.281529993,0.333333343,-0.219565243,2.737391472,1,0,0.159999996,111115,1.162769477,0.005061388,298.5657734,297.578112,79.85987126,-1.491846284,3.259354428,32.40738822,19.83619644,24.92194271,3.164910364,0.24942083,1.264340382,1.900569981,0.157462159,37.35320116,0.934706331,41.73755352,396.537141,0.002252188
24,y,39,8:08:51,3437.499923,0,2.156319617,0.242346865,369.8541298,4.686407126,2.029918906,25.42271423,4.3,1.793260929,1,3.586521858,24.43107224,25.42271423,24.05046082,400.9275208,397.4714661,8.256911278,12.23753929,27.01987457,40.04606247,500.0453491,499.1885681,0.543028653,100.5741653,0.55833298,-0.281529993,0.666666687,-0.219565243,2.737391472,1,0,0.159999996,111115,1.162896161,0.004686407,298.5727142,297.5810722,79.87016911,-1.33262559,3.260699206,32.42084282,20.18330352,24.92689323,3.165845142,0.227007608,1.2307803,1.935064842,0.143182516,37.1977704,0.930517437,40.35441423,396.6598074,0.002193744
24,y,40,8:09:04,3450.499923,0,2.256270449,0.220753613,367.5580186,4.356703446,2.060279116,25.4263134,4.3,1.793260929,1,3.586521858,24.43069267,25.4263134,24.04940033,400.9182739,397.4886169,8.240837097,11.94282055,26.9674015,39.08181381,500.0046692,499.056488,0.461340904,100.5723572,0.55833298,-0.281529993,0.666666687,-0.219565243,2.737391472,1,0,0.159999996,111115,1.162801556,0.004356703,298.5763134,297.5806927,79.8490363,-1.19297624,3.26139673,32.42836125,20.4855407,24.92850304,3.166149164,0.207953867,1.201117614,1.96503155,0.131063571,36.96617633,0.924700741,39.1409488,396.6393359,0.002226521
25,o,51,8:27:50,4576.999898,0,2.575859513,0.132637486,351.3269432,2.720041818,2.106183186,25.2850666,5.6,1.507826114,1,3.015652227,24.46611023,25.2850666,24.05151939,400.3884277,396.2969666,8.205097198,11.21678448,26.78974915,36.62294769,500.0976563,500.4496765,1.465709448,100.557991,0.55833298,-0.281529993,1,-0.219565243,2.737391472,1,0,0.159999996,111115,0.893031529,0.002720042,298.4350666,297.6161102,80.07194645,-0.553346169,3.234120499,32.16174534,20.94496086,24.87558842,3.156169246,0.127049467,1.127937313,2.028231933,0.079889744,35.3287316,0.886524432,36.23686068,395.1438461,0.002362205
25,o,52,8:27:57,4583.499898,0,2.484657036,0.130127298,351.8955923,2.676878501,2.11108449,25.28584862,5.6,1.507826114,1,3.015652227,24.46676826,25.28584862,24.05085373,400.3141174,396.3435669,8.205461502,11.16967106,26.78956795,36.46725464,500.068573,500.5552368,1.403419852,100.5568085,0.55833298,-0.281529993,1,-0.219565243,2.737391472,1,0,0.159999996,111115,0.892979595,0.002676879,298.4358486,297.6167683,80.0888361,-0.531774173,3.234270964,32.16361987,20.99394882,24.87630844,3.15630486,0.124744494,1.123186473,2.033118387,0.078431688,35.38549767,0.887854936,36.04193328,395.2312745,0.002265809
25,o,53,8:30:33,4739.999894,0,3.352326222,-0.052287891,492.7313901,-0.300125715,0.550192606,25.54958916,5.6,1.507826114,1,3.015652227,24.50668907,25.54958916,24.04933929,399.3144531,395.692749,27.52747536,27.20046806,89.65789795,88.59281921,499.985199,500.0110474,1.706494093,100.5561371,0.55833298,-0.281529993,1,-0.219565243,2.737391472,1,0,0.159999996,111115,0.892830712,-0.000300126,298.6995892,297.6566891,80.00176579,0.913880892,3.285366601,32.6719651,5.471497032,25.02813911,3.185015819,-0.053210499,2.735173995,0.449841824,-0.033172422,49.54716521,1.24523735,82.4318178,394.1920321,0.007010247
25,o,54,8:30:47,4753.999894,0,3.44045365,-0.042542709,519.3071162,-0.239809202,0.542083646,25.55158806,5.6,1.507826114,1,3.015652227,24.50918198,25.55158806,24.05007172,399.2993164,395.5529175,27.54578018,27.28456879,89.70550537,88.85484314,500.0892944,499.95401,1.668844342,100.5576782,0.55833298,-0.281529993,1,-0.219565243,2.737391472,1,0,0.159999996,111115,0.893016597,-0.000239809,298.7015881,297.659182,79.99263981,0.883944724,3.285756534,32.67534207,5.390773287,25.03038502,3.185442223,-0.043151459,2.743672888,0.441769335,-0.026914301,52.22031788,1.312863825,82.74875016,394.012749,0.007225483
25,o,55,8:30:52,4758.999894,0,3.491549269,-0.038799062,533.8171226,-0.218001445,0.541003362,25.56057739,5.6,1.507826114,1,3.015652227,24.50780296,25.56057739,24.05017853,399.3632507,395.5498962,27.55021477,27.3127594,89.7273407,88.95397949,500.07901,499.9575195,1.513673663,100.557663,0.55833298,-0.281529993,1,-0.219565243,2.737391472,1,0,0.159999996,111115,0.892998232,-0.000218001,298.7105774,297.657803,79.99320134,0.871797083,3.287510617,32.69279058,5.380031182,25.03419018,3.18616478,-0.039304753,2.746507254,0.439657526,-0.024519531,53.67940229,1.349556978,82.8135511,393.9868541,0.007339016
25,w,46,8:20:47,4153.499907,0,2.316570476,0.11844833,351.8701533,2.507695041,2.164647937,25.44645882,5.6,1.507826114,1,3.015652227,24.46475029,25.44645882,24.04957581,401.0408325,397.3307495,8.167303085,10.94486237,26.67002487,35.74004364,500.0574646,499.157135,1.246249557,100.5636597,0.55833298,-0.281529993,1,-0.219565243,2.737391472,1,0,0.159999996,111115,0.892959758,0.002507695,298.5964588,297.6147503,79.86513982,-0.471272308,3.265303351,32.47001314,21.52515077,24.95560455,3.171271295,0.113971764,1.100655414,2.070615881,0.071621458,35.38535035,0.885585004,34.79763995,396.2937035,0.002034127
25,w,47,8:20:50,4156.499907,0,2.330006544,0.11729117,351.3817396,2.486536408,2.166792517,25.44568443,5.6,1.507826114,1,3.015652227,24.46510506,25.44568443,24.05084801,401.0613708,397.3456116,8.16782093,10.92201042,26.67122841,35.66476822,500.0570679,499.2651978,1.416731238,100.5639572,0.55833298,-0.281529993,1,-0.219565243,2.737391472,1,0,0.159999996,111115,0.89295905,0.002486536,298.5956844,297.6151051,79.88242986,-0.460446084,3.265153106,32.46842305,21.54641262,24.95539474,3.171231613,0.112900022,1.098360589,2.072871025,0.070944316,35.33633822,0.884322689,34.70674687,396.3025507,0.002040536
25,w,48,8:21:02,4168.499907,0,2.334894526,0.113165372,350.1546258,2.41136314,2.175116216,25.44664955,5.6,1.507826114,1,3.015652227,24.46465302,25.44664955,24.04911613,401.0680542,397.3799133,8.169758797,10.84109402,26.67829704,35.4015274,500.0210876,499.2220459,1.291134834,100.5640335,0.55833298,-0.281529993,1,-0.219565243,2.737391472,1,0,0.159999996,111115,0.892894799,0.002411363,298.5966496,297.614653,79.87552556,-0.423445845,3.265340358,32.47026043,21.62916641,24.95565128,3.171280133,0.109072324,1.090224142,2.081055991,0.068526489,35.21296153,0.881158343,34.37591043,396.3346643,0.00202516
25,w,49,8:21:06,4173.499907,0,2.423151546,0.11178678,348.4401428,2.386949113,2.178716236,25.45019722,5.6,1.507826114,1,3.015652227,24.46405983,25.45019722,24.04946518,401.1437378,397.3678284,8.167873383,10.81211567,26.67315102,35.30823517,500.0445862,499.194519,1.191143513,100.56427,0.55833298,-0.281529993,1,-0.219565243,2.737391472,1,0,0.159999996,111115,0.892936761,0.002386949,298.6001972,297.6140598,79.87112126,-0.411925885,3.266028756,32.47702942,21.66491375,24.95712852,3.171559537,0.107791088,1.08731252,2.084247017,0.067717374,35.04062861,0.876870541,34.25292831,396.2830698,0.002094463
25,w,50,8:21:09,4175.999907,0,2.44300511,0.110974472,347.9007965,2.37151183,2.179915175,25.4488163,5.6,1.507826114,1,3.015652227,24.46482086,25.4488163,24.04923248,401.1669922,397.375885,8.170517921,10.79756737,26.68047714,35.25899506,500.0693665,499.2110901,1.154417276,100.5639114,0.55833298,-0.281529993,1,-0.219565243,2.737391472,1,0,0.159999996,111115,0.892981012,0.002371512,298.5988163,297.6148209,79.87377263,-0.403970178,3.265760784,32.47448053,21.67691316,24.95681858,3.171500913,0.107035616,1.085845608,2.085655304,0.067240331,34.98626489,0.875495493,34.19483298,396.2822387,0.002108047
25,y,41,8:14:48,3794.999915,0,2.099444828,0.22471949,368.4219276,4.279348066,2.003801118,25.44456291,5.2,1.595652211,1,3.191304421,24.45207977,25.44456291,24.04769516,400.5774536,396.6290894,8.145993233,12.54040909,26.62114716,40.98212433,500.0335388,500.2505493,1.057418823,100.5656509,0.55833298,-0.281529993,0.666666687,-0.219565243,2.737391472,1,0,0.159999996,111115,0.961602959,0.004279348,298.5945629,297.6020798,80.0400861,-1.283668405,3.264935521,32.4657126,19.92530351,24.94832134,3.169894072,0.209936558,1.261134403,1.908759669,0.132462977,37.05059097,0.928882771,41.34406912,395.7409727,0.002193344
25,y,42,8:14:55,3801.999915,0,2.061017639,0.212563022,367.8974885,4.101881722,2.023494941,25.45267105,5.2,1.595652211,1,3.191304421,24.45161629,25.45267105,24.05073929,400.6096497,396.7740173,8.14746666,12.3602047,26.62674332,40.39439774,500.0582581,500.1858826,1.22687161,100.5658035,0.55833298,-0.281529993,0.333333343,-0.219565243,2.737391472,1,0,0.159999996,111115,0.961650496,0.004101882,298.6026711,297.6016163,80.02973942,-1.201104802,3.266508858,32.4813082,20.1211035,24.95214367,3.170616792,0.199288992,1.243013917,1.927602874,0.125683862,36.99790655,0.927221724,40.58967806,395.9021564,0.002113048
25,y,43,8:15:03,3809.499915,0,2.017348193,0.201382345,367.4008111,3.934694546,2.04220512,25.46169662,5.2,1.595652211,1,3.191304421,24.45194626,25.46169662,24.05091286,400.6082764,396.8867188,8.150058746,12.19162464,26.63458633,39.84252167,500.0776062,500.2243042,1.276883006,100.5654221,0.55833298,-0.281529993,0.666666687,-0.219565243,2.737391472,1,0,0.159999996,111115,0.961687704,0.003934695,298.6116966,297.6019463,80.03588688,-1.123230178,3.268260998,32.49885429,20.30722965,24.95682144,3.171501454,0.189428737,1.226055878,1.945445576,0.119411864,36.94781763,0.925706993,39.87963906,396.033331,0.002031423
25,y,44,8:15:08,3814.499915,0,2.051110481,0.19504572,366.5406101,3.837715567,2.052847204,25.46450996,5.2,1.595652211,1,3.191304421,24.45230675,25.46450996,24.05013275,400.6095581,396.8927307,8.148673058,12.09119797,26.62956429,39.51359177,500.0558777,500.4196472,0.970687985,100.5657272,0.55833298,-0.281529993,0.666666687,-0.219565243,2.737391472,1,0,0.159999996,111115,0.961645919,0.003837716,298.61451,297.6023067,80.06714177,-1.077448124,3.268807321,32.50418817,20.4129902,24.95840836,3.171801621,0.18381155,1.215960117,1.955841504,0.115841345,36.86142301,0.923525632,39.4663256,396.0250607,0.002044057
25,y,45,8:15:13,3819.999915,0,1.992407509,0.18921137,366.5963135,3.747263158,2.062784192,25.4676342,5.2,1.595652211,1,3.191304421,24.4528656,25.4676342,24.05183601,400.6313782,397.0123291,8.148420334,11.99852371,26.6276226,39.20909119,500.0376892,500.284668,1.116633415,100.5648651,0.55833298,-0.281529993,0.666666687,-0.219565243,2.737391472,1,0,0.159999996,111115,0.961610941,0.003747263,298.6176342,297.6028656,80.04554509,-1.035323966,3.269414111,32.51050063,20.51197692,24.9602499,3.172149982,0.178620991,1.206629919,1.965520064,0.112543629,36.86670881,0.92338773,39.08232685,396.1694919,0.00196552
26,o,46,8:09:07,3616.499972,0,2.824423969,0.046755241,295.7153718,0.231894512,0.492003408,25.41959572,5.5,1.529782638,1,3.059565276,24.41173172,25.41959572,24.05043983,399.6238403,396.4161987,27.23495483,27.48300171,89.35630798,90.1701355,500.0536499,499.7401733,0.445014119,100.7201309,1.299482822,-0.287471384,1,-0.219565243,2.737391472,1,0,0.159999996,111115,0.909188454,0.000231895,298.5695957,297.5617317,79.95842595,0.646291385,3.260094938,32.36785843,4.884856717,24.91566372,3.163725085,0.046051498,2.76809153,0.395633554,0.028844597,29.78449096,0.745971968,84.67691531,395.1699523,0.006052168
26,o,47,8:09:15,3623.999972,0,2.904936671,0.048561162,296.6105237,0.240264535,0.491087702,25.4231739,5.5,1.529782638,1,3.059565276,24.41140175,25.4231739,24.05106163,399.7036438,396.4038696,27.24178886,27.4987793,89.38113403,90.22432709,500.0639648,499.6737061,0.468491137,100.7208557,1.299482822,-0.287471384,1,-0.219565243,2.737391472,1,0,0.159999996,111115,0.909207209,0.000240265,298.5731739,297.5614017,79.94779118,0.641576588,3.260788284,32.37450934,4.87573004,24.91728783,3.164031629,0.047802446,2.769700582,0.394331047,0.029943781,29.87486576,0.748253351,84.71739449,395.1220978,0.006228421
26,o,48,8:09:20,3629.499972,0,2.892093128,0.050083914,299.9056042,0.247336931,0.490406324,25.42373276,5.5,1.529782638,1,3.059565276,24.41065407,25.42373276,24.05126381,399.6706848,396.381958,27.24230194,27.50685501,89.38606262,90.25410461,500.0637817,499.9103699,0.217409402,100.7199936,1.299482822,-0.287471384,1,-0.219565243,2.737391472,1,0,0.159999996,111115,0.909206876,0.000247337,298.5737328,297.5606541,79.98565739,0.638369433,3.260896584,32.37586171,4.869006703,24.91719341,3.164013808,0.049277264,2.77049026,0.393523547,0.030869761,30.20649053,0.756607606,84.74650469,395.1058533,0.006203269
26,o,49,8:09:25,3633.999972,0,2.84230412,0.050274263,301.8604849,0.247603325,0.489105199,25.41994858,5.5,1.529782638,1,3.059565276,24.41060066,25.41994858,24.05117416,399.6147156,396.3805542,27.24769783,27.51254082,89.40389252,90.27288055,500.0514526,499.8269348,0.359290272,100.7198181,1.299482822,-0.287471384,1,-0.219565243,2.737391472,1,0,0.159999996,111115,0.909184459,0.000247603,298.5699486,297.5606007,79.97230778,0.638568956,3.260163306,32.36863774,4.856096926,24.91527462,3.163651648,0.04946152,2.771058107,0.392593541,0.030985457,30.40333314,0.761542113,84.78449632,395.1264183,0.006098892
26,o,50,8:09:31,3639.999972,0,2.914477614,0.051718215,302.0942146,0.254592949,0.489097921,25.42452431,5.5,1.529782638,1,3.059565276,24.41147995,25.42452431,24.05014229,399.6711121,396.3544922,27.24886322,27.52118301,89.40376282,90.29725647,500.046051,499.8030701,0.25313586,100.7206726,1.299482822,-0.287471384,1,-0.219565243,2.737391472,1,0,0.159999996,111115,0.909174638,0.000254593,298.5745243,297.5614799,79.96848942,0.634630069,3.261049985,32.37716648,4.855983464,24.91800213,3.164166459,0.050858513,2.771952064,0.392214394,0.031862708,30.42713248,0.762181886,84.79578472,395.0685105,0.006255508
26,w,31,7:54:40,2748.999992,0,4.609995682,0.236205531,359.4343074,1.174452549,0.513634928,25.57039833,3.1,2.05673922,1,4.11347844,24.42190742,25.57039833,24.05049896,398.4924622,395.3466187,26.85009575,27.55813789,88.04418182,90.36592102,500.036499,499.1512146,1.623914361,100.7249832,1.299482822,-0.287471384,1,-0.219565243,2.737391472,1,0,0.159999996,111115,1.613020965,0.001174453,298.7203983,297.5719074,79.86419255,0.127594623,3.289427904,32.65751752,5.099379631,24.99615288,3.178948366,0.22337861,2.775792977,0.403155389,0.140710043,36.20401458,0.909162468,84.77482675,393.833667,0.009923265
26,w,32,7:54:44,2752.999992,0,5.005046416,0.23242589,356.1399801,1.1550646,0.512913215,25.57247353,3.1,2.05673922,1,4.11347844,24.42195892,25.57247353,24.0520649,398.7793274,395.3936462,26.87342834,27.56970024,88.11923218,90.40233612,500.089325,499.1517334,1.505498886,100.7236176,1.299482822,-0.287471384,1,-0.219565243,2.737391472,1,0,0.159999996,111115,1.613191371,0.001155065,298.7224735,297.5719589,79.86427556,0.13469177,3.289833158,32.66198374,5.092283496,24.99721622,3.179149909,0.219995383,2.776919943,0.402229966,0.138562379,35.87170715,0.900722567,84.78474577,393.7510431,0.010777155
26,w,33,7:54:50,2758.499992,0,6.115575358,0.23133812,348.4757698,1.146654256,0.511439996,25.57248688,3.1,2.05673922,1,4.11347844,24.42074203,25.57248688,24.05036926,399.9758911,395.9034424,26.8931942,27.58439636,88.19033051,90.45697784,500.0817566,499.1019592,1.431965947,100.7234573,1.299482822,-0.287471384,0.666666687,-0.219565243,2.737391472,1,0,0.159999996,111115,1.613166957,0.001146654,298.7224869,297.570742,79.85631169,0.137669175,3.289835766,32.66206158,5.077665216,24.99661446,3.179035851,0.219020609,2.77839577,0.400640081,0.13794369,35.09968433,0.88020394,84.82454601,393.8963754,0.01316973
26,w,34,7:54:55,2763.999991,0,5.158545518,0.227379634,355.2958949,1.128572181,0.511674261,25.58041573,3.1,2.05673922,1,4.11347844,24.42308044,25.58041573,24.05264473,399.9143372,396.4392395,26.91662788,27.5969162,88.25650787,90.48709869,500.0856018,499.2892761,1.387179732,100.7253952,1.299482822,-0.287471384,0.666666687,-0.219565243,2.737391472,1,0,0.159999996,111115,1.613179361,0.001128572,298.7304157,297.5730804,79.88628239,0.144176923,3.291384552,32.67680951,5.079893311,25.00174809,3.180008989,0.215469202,2.77971029,0.400298698,0.13568997,35.78731943,0.89621778,84.81068703,394.7462596,0.011083064
26,w,35,7:55:02,2770.499991,0,4.90459889,0.227596316,357.2509624,1.125399413,0.50976792,25.57719612,3.1,2.05673922,1,4.11347844,24.41891289,25.57719612,24.05142403,399.8033142,396.4866028,26.9315834,27.60990524,88.32659912,90.55126953,500.1187134,499.3530579,1.651465178,100.7242737,1.299482822,-0.287471384,0.666666687,-0.219565243,2.737391472,1,0,0.159999996,111115,1.613286172,0.001125399,298.7271961,297.5689129,79.89648747,0.145370081,3.290755572,32.67092878,5.061023537,24.9980545,3.179308802,0.215663768,2.780987652,0.39832115,0.135813427,35.98384371,0.901041699,84.86508538,394.8769654,0.010540731
26,w,36,7:55:06,2774.499991,0,4.955464222,0.225561268,356.5670197,1.116097969,0.509871533,25.58017921,3.1,2.05673922,1,4.11347844,24.41944885,25.58017921,24.051157,399.8356323,396.4895325,26.94204903,27.61478996,88.35768127,90.56397247,500.09729,499.1588135,1.330968738,100.7238083,1.299482822,-0.287471384,0.666666687,-0.219565243,2.737391472,1,0,0.159999996,111115,1.613217065,0.001116098,298.7301792,297.5694489,79.86540837,0.148363846,3.291338344,32.67686557,5.062075611,24.99981403,3.179642337,0.213835659,2.78146681,0.398175526,0.134653515,35.91478813,0.899310046,84.8575064,394.8632017,0.010649469
26,w,37,7:55:12,2780.999991,0,4.832140456,0.223448203,357.1908134,1.106210433,0.50988414,25.58570862,3.1,2.05673922,1,4.11347844,24.41817093,25.58570862,24.05249977,399.7923279,396.5246277,26.95828056,27.62514687,88.41847229,90.60568237,500.0280762,499.0248108,1.559594393,100.7247009,1.299482822,-0.287471384,1,-0.219565243,2.737391472,1,0,0.159999996,111115,1.612993794,0.00110621,298.7357086,297.5681709,79.84396794,0.151234663,3.292418796,32.68730278,5.062155911,25.00193977,3.18004533,0.21193565,2.782534656,0.397510674,0.133448141,35.97793786,0.900803603,84.85456339,394.9387704,0.010382095
26,w,38,7:55:28,2796.499991,0,4.901738393,0.220849072,356.0954257,1.092978618,0.50939681,25.59393883,3.1,2.05673922,1,4.11347844,24.42048645,25.59393883,24.05311012,399.6632996,396.355957,26.98722649,27.6460743,88.50076294,90.66135406,500.0490723,499.0396729,1.604542971,100.7242737,1.299482822,-0.287471384,1,-0.219565243,2.737391472,1,0,0.159999996,111115,1.613061523,0.001092979,298.7439388,297.5704865,79.84634587,0.155649917,3.294027564,32.70341342,5.057339128,25.00721264,3.181045143,0.209596043,2.784630754,0.39641439,0.131964106,35.86745312,0.898423297,84.86707069,394.7472585,0.010538292
26,y,39,8:01:43,3171.999982,0,3.501050319,-0.118156132,436.3755035,-0.895331782,0.717082574,25.44227028,4.2,1.815217453,1,3.630434906,24.41634941,25.44227028,24.05209541,397.8311157,395.1880188,26.0243206,25.29142189,85.36245728,82.95847321,500.1083679,501.1182861,0.435829163,100.7222214,1.299482822,-0.287471384,0.333333343,-0.219565243,2.737391472,1,0,0.159999996,111115,1.190734209,-0.000895332,298.5922703,297.5663494,80.17892399,1.030354817,3.264490769,32.41082975,7.119407857,24.92930984,3.166301545,-0.122131007,2.547408195,0.61889335,-0.075964525,43.95271007,1.104222504,76.62037247,393.8861313,0.006810389
26,y,40,8:01:52,3180.499982,0,4.299754795,-0.085205503,470.2544262,-0.593669976,0.665292656,25.49937057,4.2,1.815217453,1,3.630434906,24.41895676,25.49937057,24.05084991,399.280365,395.866394,26.40128136,25.91558075,86.5859375,84.99302673,500.0602417,501.1923523,0.335805386,100.7228394,1.299482822,-0.287471384,0.333333343,-0.219565243,2.737391472,1,0,0.159999996,111115,1.190619623,-0.00059367,298.6493706,297.5689568,80.19077457,0.89746907,3.275583533,32.52076246,6.605181706,24.95916367,3.171944497,-0.087253319,2.610290877,0.56165362,-0.054345568,47.36536103,1.187911966,78.57520261,394.2675032,0.008569159
26,y,41,8:01:59,3187.999982,0,3.80256625,-0.059460665,492.4641902,-0.39221844,0.634281447,25.528265,4.2,1.815217453,1,3.630434906,24.41982269,25.528265,24.0523243,399.2644043,396.201355,26.60006905,26.27932358,87.23335266,86.18148804,500.0934448,501.2983704,0.416445971,100.7228317,1.299482822,-0.287471384,0.333333343,-0.219565243,2.737391472,1,0,0.159999996,111115,1.190698678,-0.000392218,298.678265,297.5698227,80.20773747,0.809746462,3.281209334,32.5766192,6.297295621,24.97404385,3.174760421,-0.060450751,2.646927887,0.527832534,-0.037691501,49.60238777,1.242964427,79.75152893,394.7873469,0.007681616
26,y,42,8:02:06,3195.499982,0,3.75210425,-0.03605563,556.5076537,-0.227646025,0.611000386,25.54772758,4.2,1.815217453,1,3.630434906,24.41846848,25.54772758,24.05188942,399.2674255,396.1918335,26.73412704,26.54800606,87.68050385,87.07008362,500.0674133,501.2037048,0.54608351,100.7233124,1.299482822,-0.287471384,0.333333343,-0.219565243,2.737391472,1,0,0.159999996,111115,1.190636698,-0.000227646,298.6977276,297.5684685,80.19259098,0.738043576,3.285003494,32.61413288,6.066126818,24.98309803,3.176474903,-0.036417309,2.674003107,0.502471795,-0.022728045,56.05329424,1.40464191,80.64107926,394.79659,0.007664041
26,y,43,8:02:15,3203.999982,0,3.652737278,-0.015364086,769.503156,-0.093362516,0.591370562,25.56050873,4.2,1.815217453,1,3.630434906,24.41744804,25.56050873,24.0526638,399.1723633,396.1353149,26.8439045,26.76758385,88.04615784,87.79582977,500.0303345,501.3935852,0.396032482,100.7235718,1.299482822,-0.287471384,0.666666687,-0.219565243,2.737391472,1,0,0.159999996,111115,1.190548415,-9.34E-05,298.7105087,297.567448,80.22297184,0.680298364,3.287497215,32.63880695,5.871223108,24.98897839,3.177588828,-0.015429383,2.696126653,0.481462175,-0.009637477,77.50710636,1.942526018,81.3820632,394.7770217,0.007530005
26,y,44,8:02:21,3210.499981,0,3.646284465,9.90E-05,-58274.99056,0.00058572,0.578328598,25.56470108,4.2,1.815217453,1,3.630434906,24.41254425,25.56470108,24.05223083,399.1194763,396.0565491,26.90453911,26.90501785,88.27152252,88.27308655,500.0239258,501.2411499,0.259255886,100.7242203,1.299482822,-0.287471384,0.666666687,-0.219565243,2.737391472,1,0,0.159999996,111115,1.190533157,5.86E-07,298.7147011,297.5625443,80.19858219,0.639533581,3.288315543,32.64672125,5.741703399,24.98862267,3.177521434,9.90E-05,2.709986945,0.467534489,6.19E-05,-5869.702986,-147.1380557,81.8733616,394.7006553,0.007563544
26,y,45,8:02:29,3217.999981,0,3.728219139,0.014884401,-8.000332152,0.086048988,0.567237318,25.57212067,4.2,1.815217453,1,3.630434906,24.41215324,25.57212067,24.05263901,399.1323547,395.9724426,26.95928383,27.02960205,88.45291901,88.68363953,500.0653992,501.2457581,0.602214098,100.7238998,1.299482822,-0.287471384,0.666666687,-0.219565243,2.737391472,1,0,0.159999996,111115,1.190631903,8.60E-05,298.7221207,297.5621532,80.1993195,0.602712878,3.289764247,32.66120804,5.631605989,24.99213696,3.178187302,0.014823626,2.72252693,0.455660372,0.009270207,-0.805824654,-0.020204265,82.29963787,394.5860809,0.007776024
