site,species,plant_no,genusspecies,niche2,niche,group,lamina_area_cm2,date,frond_length_cm,stipe_length_cm,lamina_length_cm,chl_mg_m2,cfr,year,xylem_area_um2,lamina_area_mm2,xylem_area_mm2,huber,guardcell_length_um,average_guardcell_width_um,stomatal_size,sd_mm2,dry_mass,lamina_area,SWC,osmotic_potential,waterpot_tlp,rwc_tlp,elasticity,capacitance_full,capacitance_zero.,capacitance_absolute,dry_mass_g,sla_cm2g
la_selva,asplenium_auritum,1,aspaur,epiphyte,epiphyte,E2,61.5,7/8/2017,34.8,10.4,24.4,363,1.19,2017,29229,6150,0.029229,4.75E-06,0.0554125,0.011825,0.00130892,29.39814815,0.1558,61.5,4.72441444,-0.556664017,-0.690985057,96.77150667,14.32527046,0.054222328,0.129335634,0.360533796,0.0085,23.52941176
la_selva,asplenium_auritum,2,aspaur,epiphyte,epiphyte,E2,58.5,7/8/2017,42.7,16.1,26.6,224,0.97,2017,23610,5850,0.02361,4.04E-06,0.0527125,0.0115875,0.00121966,31.48148148,NA,NA,NA,NA,NA,NA,NA,NA,NA,NA,0.005,40
la_selva,asplenium_auritum,3,aspaur,epiphyte,epiphyte,E2,25,7/8/2017,31.8,12.2,19.6,300,1.09,2017,31410,2500,0.03141,1.26E-05,0.0462,0.010375,0.00095389,18.05555556,NA,NA,NA,NA,NA,NA,NA,NA,NA,NA,0.0061,32.78688525
la_selva,asplenium_auritum,4,aspaur,epiphyte,epiphyte,E2,28.6,7/8/2017,20.6,6.5,14.1,420,1.28,2017,17878,2860,0.017878,6.25E-06,0.0480875,0.010925,0.0010511,56.34259259,NA,NA,NA,NA,NA,NA,NA,NA,NA,NA,0.0107,18.69158879
la_selva,asplenium_auritum,5,aspaur,epiphyte,epiphyte,E2,55.7,7/8/2017,30.5,7.2,23.3,363,1.19,2017,22458,5570,0.022458,4.03E-06,0.044075,0.0115875,0.001030033,30.32407407,0.1808,58.5,3.54711124,-0.707036323,-0.813800645,98.25083387,39.36269758,0.021864577,0.095379818,0.133163725,0.0073,27.39726027
la_selva,asplenium_auritum,6,aspaur,epiphyte,epiphyte,E2,41.8,7/8/2017,27.5,7.3,20.2,332,1.14,2017,17343,4180,0.017343,4.15E-06,0.0491875,0.010175,0.00099685,29.49074074,NA,NA,NA,NA,NA,NA,NA,NA,NA,NA,0.0082,24.3902439
la_selva,asplenium_auritum,7,aspaur,epiphyte,epiphyte,E2,NA,NA,NA,NA,NA,NA,NA,NA,NA,NA,NA,NA,NA,NA,NA,NA,0.2477,25,3.641099646,-0.729342871,-1.072728541,94.55589739,9.124925582,0.064029347,0.10601806,1.283290954,NA,NA
la_selva,asplenium_auritum,8,aspaur,epiphyte,epiphyte,E2,NA,NA,NA,NA,NA,NA,NA,NA,NA,NA,NA,NA,NA,NA,NA,NA,0.0907,28.6,6.672375884,-0.380289724,-0.619664306,87.51050406,2.722152065,0.207698975,0.225534311,2.441651101,NA,NA
la_selva,asplenium_auritum,9,aspaur,epiphyte,epiphyte,E2,NA,NA,NA,NA,NA,NA,NA,NA,NA,NA,NA,NA,NA,NA,NA,NA,0.3297,55.7,3.041001822,-0.879015611,-1.217881566,92.7671078,11.81714906,0.059314191,0.128149173,0.59315274,NA,NA
la_selva,asplenium_auritum,10,aspaur,epiphyte,epiphyte,E2,NA,NA,NA,NA,NA,NA,NA,NA,NA,NA,NA,NA,NA,NA,NA,NA,0.2007,41.8,5.409389541,-0.460776951,-0.515607729,95.91361036,4.499902106,0.161898109,0.339484055,2.336084882,NA,NA
la_selva,asplenium_juglandifolia,1,aspjug,epiphyte,epiphyte,E2,53.6,7/19/2017,19,0,19,46,0.69,NA,NA,NA,NA,NA,0.0508875,0.009725,0.000988295,28.78179384,0.2479,53.6,5.169424706,-0.772098749,-0.879521976,93.96797803,12.56704421,0.069750189,0.320569644,0.926460347,0.0017,117.6470588
la_selva,asplenium_juglandifolia,2,aspjug,epiphyte,epiphyte,E2,139.8,7/19/2017,56,19,37,110,0.79,2017,42102,13980,0.042102,3.01E-06,0.051488889,0.0106,0.00109198,24.5426149,NA,NA,NA,NA,NA,NA,NA,NA,NA,NA,0.0024,83.33333333
la_selva,asplenium_juglandifolia,3,aspjug,epiphyte,epiphyte,E2,57,7/19/2017,69,30,39,135,0.83,2017,56099,5700,0.056099,9.84E-06,0.0496,0.010233333,0.001016213,22.75769746,NA,NA,NA,NA,NA,NA,NA,NA,NA,NA,0.0023,86.95652174
la_selva,asplenium_juglandifolia,4,aspjug,epiphyte,epiphyte,E2,24.9,7/19/2017,14.5,3.5,11,46,0.69,2017,12428,2490,0.012428,4.99E-06,0.0525125,0.0107625,0.00113044,22.31146809,NA,NA,NA,NA,NA,NA,NA,NA,NA,NA,0.0013,153.8461538
la_selva,asplenium_juglandifolia,5,aspjug,epiphyte,epiphyte,E2,34,7/19/2017,19,3,16,249,1.01,2017,13227,3400,0.013227,3.89E-06,0.052055556,0.010433333,0.001083396,13.16376618,0.1889,139.8,4.808107212,-0.893043708,-1.058981098,94.28005844,16.22603552,0.052140327,0.189295734,0.188191573,0.0016,125
la_selva,asplenium_juglandifolia,7,aspjug,epiphyte,epiphyte,E2,NA,NA,NA,NA,NA,NA,NA,NA,NA,NA,NA,NA,NA,NA,NA,NA,0.2304,57,5.487559069,-0.450179834,-0.567027074,96.16132884,9.71367121,0.077978475,0.111518618,0.960924037,NA,NA
la_selva,asplenium_juglandifolia,8,aspjug,epiphyte,epiphyte,E2,NA,NA,NA,NA,NA,NA,NA,NA,NA,NA,NA,NA,NA,NA,NA,NA,0.1339,24.9,4.854134151,-0.882086304,-1.035107835,95.09690705,15.54164864,0.05346148,0.18002415,0.775285163,NA,NA
la_selva,asplenium_serratum,1,aspser,epiphyte,epiphyte,E2,248,7/14/2017,47,0,47,389,1.23,2017,59051,24800,0.059051,2.38E-06,0.065711111,0.016522222,0.002180496,13.16376618,0.3806,248,6.966683753,-0.535328698,-0.698440591,96.99720004,15.10995062,0.048418384,0.098164815,0.287594771,0.0098,51.02040816
la_selva,asplenium_serratum,2,aspser,epiphyte,epiphyte,E2,209,7/14/2017,47,0,47,471,1.36,2017,55754,20900,0.055754,2.67E-06,0.064966667,0.016166667,0.0021012,14.50245426,NA,NA,NA,NA,NA,NA,NA,NA,NA,NA,0.0048,104.1666667
la_selva,asplenium_serratum,3,aspser,epiphyte,epiphyte,E2,403,7/14/2017,67,0,67,585,1.54,2017,120665,40300,0.120665,2.99E-06,0.076488889,0.016144444,0.002475049,11.60196341,NA,NA,NA,NA,NA,NA,NA,NA,NA,NA,0.0058,86.20689655
la_selva,asplenium_serratum,4,aspser,epiphyte,epiphyte,E2,272,7/14/2017,68,0,68,611,1.58,2017,73830,27200,0.07383,2.71E-06,0.077922222,0.0162,0.002532444,9.3708166,NA,NA,NA,NA,NA,NA,NA,NA,NA,NA,0.0064,78.125
la_selva,asplenium_serratum,5,aspser,epiphyte,epiphyte,E2,358,7/14/2017,75,0,75,578,1.52,2017,105834,35800,0.105834,2.96E-06,0.058655556,0.015866667,0.001870722,13.60999554,0.3418,209,5.200257272,-0.623017097,-0.82749504,96.45852154,15.14741344,0.04733594,0.078966212,0.223650105,0.0083,60.24096386
la_selva,asplenium_serratum,6,aspser,epiphyte,epiphyte,E2,596,7/14/2017,72,0,72,490,1.39,2017,122967,59600,0.122967,2.06E-06,0.0602,0.014011111,0.001687524,15.70727354,NA,NA,NA,NA,NA,NA,NA,NA,NA,NA,0.0069,72.46376812
la_selva,asplenium_serratum,7,aspser,epiphyte,epiphyte,E2,NA,NA,NA,NA,NA,NA,NA,NA,NA,NA,NA,NA,NA,NA,NA,NA,0.4543,403,4.543013921,-0.872049231,-1.11371133,93.95844012,13.67770364,0.055256297,0.145121483,0.157213931,NA,NA
la_selva,asplenium_serratum,8,aspser,epiphyte,epiphyte,E2,NA,NA,NA,NA,NA,NA,NA,NA,NA,NA,NA,NA,NA,NA,NA,NA,0.4119,272,3.16183262,-0.946891429,-1.123557049,96.58628219,26.97384213,0.030675591,0.118201547,0.081598504,NA,NA
la_selva,asplenium_serratum,9,aspser,epiphyte,epiphyte,E2,NA,NA,NA,NA,NA,NA,NA,NA,NA,NA,NA,NA,NA,NA,NA,NA,0.4639,358,4.120619599,-0.586185877,-0.782966382,97.92548877,27.87033067,0.026256088,0.047992386,0.077886356,NA,NA
la_selva,asplenium_serratum,10,aspser,epiphyte,epiphyte,E2,NA,NA,NA,NA,NA,NA,NA,NA,NA,NA,NA,NA,NA,NA,NA,NA,0.5143,596,6.717681214,-0.701959553,-0.817673002,96.55841472,18.25613433,0.04610565,0.194503742,0.148481143,NA,NA
las_cruces,asplenium_uniseriale,1,aspuni,terrestrial,terrestrial,E2,60.94,7/13/2018,34.3,12.3,22,331.3333333,1.14,NA,NA,NA,NA,NA,0.054428571,0.012857143,0.001401143,35.639413,NA,NA,NA,NA,NA,NA,NA,NA,NA,NA,0.027,79.62962963
las_cruces,asplenium_uniseriale,2,aspuni,terrestrial,terrestrial,E2,96.88,7/13/2018,60.5,17.6,42.9,365.3333333,1.193333333,2018,29277.6,9688,0.0292776,3.02E-06,0.059,0.0145,0.001707,18.86792453,NA,NA,NA,NA,NA,NA,NA,NA,NA,NA,0.036,71.66666667
las_cruces,asplenium_uniseriale,3,aspuni,terrestrial,terrestrial,E2,152.18,7/13/2018,77.8,17.7,60.1,310.6666667,1.106666667,2018,36703.254,15218,0.036703254,2.41E-06,0.0535,0.013666667,0.001468333,41.92872117,NA,NA,NA,NA,NA,NA,NA,NA,NA,NA,0.045,51.55555556
las_cruces,asplenium_uniseriale,4,aspuni,terrestrial,terrestrial,E2,60.7,7/13/2018,35.5,12.7,22.8,208.6666667,0.946666667,2018,28787.168,6070,0.028787168,4.74E-06,0.056125,0.01425,0.001597,25.85604472,NA,NA,NA,NA,NA,NA,NA,NA,NA,NA,0.013,106.1538462
las_cruces,asplenium_uniseriale,5,aspuni,terrestrial,terrestrial,E2,92.51,7/13/2018,30.8,13.4,17.4,329.3333333,1.173333333,2018,23113.533,9251,0.023113533,2.50E-06,0.053125,0.013375,0.00142875,34.94060098,NA,NA,NA,NA,NA,NA,NA,NA,NA,NA,0.036,53.61111111
las_cruces,asplenium_uniseriale,6,aspuni,terrestrial,terrestrial,E2,67.53,7/13/2018,39,11.3,27.7,325,1.13,2018,24431.842,6753,0.024431842,3.62E-06,0.047625,0.01225,0.0011715,32.1453529,NA,NA,NA,NA,NA,NA,NA,NA,NA,NA,0.03,62.33333333
las_cruces,asplenium_uniseriale,7,aspuni,terrestrial,terrestrial,E2,65.46,7/13/2018,33,10.9,22.1,NA,NA,2018,27954.45,6546,0.02795445,4.27E-06,NA,NA,NA,NA,0.1648,152.18,6.975403615,-0.329955583,-0.453791397,95.42458569,5.712193585,0.120224969,0.125657357,0.504534815,NA,NA
las_cruces,asplenium_uniseriale,8,aspuni,terrestrial,terrestrial,E2,NA,NA,NA,NA,NA,NA,NA,NA,NA,NA,NA,NA,NA,NA,NA,NA,0.1125,60.7,10.0102651,-0.451530654,-0.544175946,94.81822374,7.612181685,0.106625112,0.332538401,1.098996744,NA,NA
las_cruces,asplenium_uniseriale,9,aspuni,terrestrial,terrestrial,E2,NA,NA,NA,NA,NA,NA,NA,NA,NA,NA,NA,NA,NA,NA,NA,NA,0.0931,92.51,9.318790097,-1.012072076,-1.124164715,95.37456054,21.88333309,0.041081404,0.297664251,0.214039194,NA,NA
las_cruces,asplenium_uniseriale,10,aspuni,terrestrial,terrestrial,E2,NA,NA,NA,NA,NA,NA,NA,NA,NA,NA,NA,NA,NA,NA,NA,NA,0.1634,67.53,6.492631792,-0.455779126,-0.518059102,97.66744016,14.62434858,0.058148995,0.223367366,0.507511384,NA,NA
las_cruces,asplenium_uniseriale,11,aspuni,terrestrial,terrestrial,E2,NA,NA,NA,NA,NA,NA,NA,NA,NA,NA,NA,NA,NA,NA,NA,NA,0.1308,65.46,9.744462897,-0.644980746,-0.738905663,94.15682064,9.753456098,0.088076663,0.456629152,0.952747895,NA,NA
las_cruces,asplenium_uniseriale,12,aspuni,terrestrial,terrestrial,E2,NA,NA,NA,NA,NA,NA,NA,NA,NA,NA,NA,NA,NA,NA,NA,NA,0.1291,74,6.199732834,-0.873828175,-0.960833944,94.14838121,14.98771781,0.060649918,0.498944393,0.364439305,NA,NA
la_selva,blechnum_occidentale,1,bleocc,terrestrial,terrestrial,E2,189.4,7/8/2017,64.8,29.2,35.6,427,1.29,2017,92216,18940,0.092216,4.87E-06,0.0529875,0.00965,0.001017835,29.62962963,0.4247,189.4,2.800700015,-1.080060349,-1.221002777,97.44780275,39.2338439,0.022286572,0.140344634,0.077757027,0.0067,74.62686567
la_selva,blechnum_occidentale,2,bleocc,terrestrial,terrestrial,E2,170.6,7/8/2017,88.8,27,61.8,592,1.55,2017,140674,17060,0.140674,8.25E-06,0.05555,0.0111625,0.001237105,31.25,NA,NA,NA,NA,NA,NA,NA,NA,NA,NA,0.0071,70.42253521
la_selva,blechnum_occidentale,3,bleocc,terrestrial,terrestrial,E2,259.9,7/8/2017,100.7,28.4,72.3,465,1.35,2017,138140,25990,0.13814,5.32E-06,0.051557143,0.008885714,0.000920783,45.60185185,NA,NA,NA,NA,NA,NA,NA,NA,NA,NA,0.0081,61.72839506
la_selva,blechnum_occidentale,4,bleocc,terrestrial,terrestrial,E2,191.4,7/8/2017,67.8,31.6,36.2,338,1.15,2017,100628,19140,0.100628,5.26E-06,0.0507125,0.0101375,0.001024418,28.88888889,NA,NA,NA,NA,NA,NA,NA,NA,NA,NA,0.0076,65.78947368
la_selva,blechnum_occidentale,5,bleocc,terrestrial,terrestrial,E2,185.8,7/8/2017,66.1,15.8,50.3,515,1.43,2017,99148,18580,0.099148,5.34E-06,0.05405,0.0095625,0.0010324,40.92592593,0.389,170.6,3.159761759,-1.151232854,-1.286836909,95.13098851,24.11225696,0.037053778,0.296766233,0.148314941,0.0081,61.72839506
la_selva,blechnum_occidentale,6,bleocc,terrestrial,terrestrial,E2,190.7,7/8/2017,52.4,18.1,34.3,509,1.42,2017,118353,19070,0.118353,6.21E-06,0.0511375,0.008975,0.00092024,55.55555556,NA,NA,NA,NA,NA,NA,NA,NA,NA,NA,0.0096,52.08333333
la_selva,blechnum_occidentale,8,bleocc,terrestrial,terrestrial,E2,NA,NA,NA,NA,NA,NA,NA,NA,NA,NA,NA,NA,NA,NA,NA,NA,0.3894,191.4,2.795947753,-0.918319881,-1.014807613,96.63445948,27.60527608,0.032993604,0.174681638,0.104265425,NA,NA
la_selva,blechnum_occidentale,9,bleocc,terrestrial,terrestrial,E2,NA,NA,NA,NA,NA,NA,NA,NA,NA,NA,NA,NA,NA,NA,NA,NA,0.3351,185.8,3.341574732,-0.737160629,-0.912870764,98.27090952,40.72104492,0.019247656,0.051785654,0.064444409,NA,NA
la_selva,blechnum_occidentale,10,bleocc,terrestrial,terrestrial,E2,NA,NA,NA,NA,NA,NA,NA,NA,NA,NA,NA,NA,NA,NA,NA,NA,0.4905,190.7,2.59593091,-0.818215117,-1.251356869,96.01005676,21.56966841,0.030165302,0.052798459,0.111896529,NA,NA
las_cruces,blechnum_schiedeanum,1,blesch,terrestrial,terrestrial,E2,380.59,7/16/2018,91,45.2,45.8,268,1.04,2018,375834.069,38059,0.375834069,9.88E-06,0.054375,0.013,0.001406,88.74912648,0.8026,380.59,2.382239358,-1.175450169,-1.288365183,93.6042757,19.17026785,0.047805202,0.443158627,0.133422733,0.0117,34.18803419
las_cruces,blechnum_schiedeanum,2,blesch,terrestrial,terrestrial,E2,420.33,7/16/2018,78.3,31.8,46.5,380.3333333,1.216666667,2018,482534.641,42033,0.482534641,1.15E-05,0.053125,0.012625,0.0013425,92.9419986,NA,NA,NA,NA,NA,NA,NA,NA,NA,NA,0.0106,37.73584906
las_cruces,blechnum_schiedeanum,3,blesch,terrestrial,terrestrial,E2,364.7,7/16/2018,71.3,29.2,42.1,238.6666667,0.993333333,2018,520521.741,36470,0.520521741,1.43E-05,0.053125,0.012875,0.00136575,111.8099231,NA,NA,NA,NA,NA,NA,NA,NA,NA,NA,0.0107,37.38317757
las_cruces,blechnum_schiedeanum,4,blesch,terrestrial,terrestrial,E2,382.7,7/16/2018,74.5,28.9,45.6,443.6666667,1.316666667,2018,377448.337,38270,0.377448337,9.86E-06,0.062875,0.01375,0.00172975,89.4479385,NA,NA,NA,NA,NA,NA,NA,NA,NA,NA,0.0081,49.38271605
las_cruces,blechnum_schiedeanum,5,blesch,terrestrial,terrestrial,E2,400.24,7/16/2018,78.8,35,43.8,416,1.273333333,2018,411167.932,40024,0.411167932,1.03E-05,0.0585,0.013125,0.0015385,80.36338225,0.5493,420.33,2.940157985,-1.243019927,-1.330724159,95.01688255,23.06906862,0.04018566,0.554283098,0.085780481,0.0104,38.46153846
las_cruces,blechnum_schiedeanum,6,blesch,terrestrial,terrestrial,E2,480.16,7/16/2018,91.8,41.5,50.3,259.6666667,1.026666667,2018,452450.458,48016,0.452450458,9.42E-06,0.05975,0.013,0.001556,78.26694619,NA,NA,NA,NA,NA,NA,NA,NA,NA,NA,0.011,36.36363636
las_cruces,blechnum_schiedeanum,7,blesch,terrestrial,terrestrial,E2,410.2,7/16/2018,87.5,37.2,50.3,NA,NA,NA,NA,NA,NA,NA,NA,NA,NA,NA,0.997,364.7,2.256101694,-1.439867773,-1.539592248,94.55468054,26.4061626,0.035391136,0.80683549,0.121266282,NA,NA
las_cruces,blechnum_schiedeanum,8,blesch,terrestrial,terrestrial,E2,324.56,7/16/2018,74.9,37.4,37.5,NA,NA,NA,NA,NA,NA,NA,NA,NA,NA,NA,NA,NA,NA,NA,NA,NA,NA,NA,NA,NA,NA,NA
las_cruces,blechnum_schiedeanum,9,blesch,terrestrial,terrestrial,E2,NA,NA,NA,NA,NA,NA,NA,NA,NA,NA,NA,NA,NA,NA,NA,NA,0.7503,382.7,2.29315839,-1.148104563,-1.338113495,95.80038609,25.8573197,0.032733328,0.160998181,0.08175761,NA,NA
las_cruces,blechnum_schiedeanum,10,blesch,terrestrial,terrestrial,E2,NA,NA,NA,NA,NA,NA,NA,NA,NA,NA,NA,NA,NA,NA,NA,NA,0.68495,400.24,2.233355902,-1.206224579,-1.420112235,88.65575517,11.57474003,0.074598053,0.302693831,0.158398586,NA,NA
las_cruces,blechnum_schiedeanum,11,blesch,terrestrial,terrestrial,E2,NA,NA,NA,NA,NA,NA,NA,NA,NA,NA,NA,NA,NA,NA,NA,NA,0.7877,480.16,2.939032531,-1.2542054,-1.307140475,93.81765743,19.49701114,0.049130062,1.058313944,0.131599448,NA,NA
la_selva,campyloneurum_brevifolium,1,cambre,epiphyte,epiphyte,E1,599,7/10/2017,100,15,85,560,1.5,2017,85515,59900,0.085515,1.43E-06,0.046444444,0.015,0.00139,44.21296296,0.0629,599,7.868149013,-0.545384883,-0.66007793,92.70436586,7.336871059,0.110619826,0.426140994,0.050775811,0.009,55.55555556
la_selva,campyloneurum_brevifolium,2,cambre,epiphyte,epiphyte,E1,350,7/10/2017,80,15,65,547,1.48,2017,53655,35000,0.053655,1.53E-06,0.045222222,0.016,0.001458889,37.73148148,NA,NA,NA,NA,NA,NA,NA,NA,NA,NA,0.0116,47.4137931
la_selva,campyloneurum_brevifolium,3,cambre,epiphyte,epiphyte,E1,809,7/10/2017,115.5,15,100.5,572,1.52,2017,75336,80900,0.075336,9.31E-07,0.039,0.014111111,0.001100667,51.62037037,NA,NA,NA,NA,NA,NA,NA,NA,NA,NA,0.0112,44.64285714
la_selva,campyloneurum_brevifolium,4,cambre,epiphyte,epiphyte,E1,827,7/10/2017,115,12,103,433,1.3,2017,155487,82700,0.155487,1.88E-06,0.046,0.015666667,0.001443111,54.35185185,NA,NA,NA,NA,NA,NA,NA,NA,NA,NA,0.0111,45.04504505
la_selva,campyloneurum_brevifolium,5,cambre,epiphyte,epiphyte,E1,329,7/10/2017,60,9,51,471,1.6,2017,86991,32900,0.086991,2.64E-06,0.046,0.015222222,0.001404222,53.42592593,0.2532,350,2.384251602,-0.836468332,-1.065897895,96.50608456,23.75368067,0.032720231,0.086015322,0.031353902,0.0106,47.16981132
la_selva,campyloneurum_brevifolium,6,cambre,epiphyte,epiphyte,E1,504,7/10/2017,88,9,79,477,1.37,2017,118567,50400,0.118567,2.35E-06,NA,NA,NA,43.33333333,NA,NA,NA,NA,NA,NA,NA,NA,NA,NA,0.0139,35.97122302
la_selva,campyloneurum_brevifolium,7,cambre,epiphyte,epiphyte,E1,NA,NA,NA,NA,NA,NA,NA,NA,NA,NA,NA,NA,NA,NA,NA,NA,0.4514,809,2.927140974,-0.624059378,-0.841014981,97.69082181,26.61560499,0.027239445,0.046487208,0.024716241,NA,NA
la_selva,campyloneurum_brevifolium,8,cambre,epiphyte,epiphyte,E1,NA,NA,NA,NA,NA,NA,NA,NA,NA,NA,NA,NA,NA,NA,NA,NA,0.3901,827,3.023288315,-0.854339717,-1.18,94.36275817,15.14159138,0.046671804,0.113759877,0.036977035,NA,NA
la_selva,campyloneurum_brevifolium,9,cambre,epiphyte,epiphyte,E1,NA,NA,NA,NA,NA,NA,NA,NA,NA,NA,NA,NA,NA,NA,NA,NA,0.381,329,2.848730002,-0.759566646,-0.934368006,95.73727891,16.64684079,0.047764462,0.138918067,0.087541252,NA,NA
la_selva,cyclopeltis_semicordata,1,cycsem,terrestrial,terrestrial,out,746,8/10/2017,124.9,20,104.9,617,1.59,2019,309042.438,74600,0.309042438,4.14E-06,0.046375,0.012,0.001115,NA,NA,NA,NA,NA,NA,NA,NA,NA,NA,NA,NA,NA
la_selva,cyclopeltis_semicordata,2,cycsem,terrestrial,terrestrial,out,866,8/10/2017,117.6,19.1,98.5,427,1.29,2019,408200.254,86600,0.408200254,4.71E-06,0.054875,0.012625,0.001388,45.96162427,NA,NA,NA,NA,NA,NA,NA,NA,NA,NA,0.0055,90.90909091
la_selva,cyclopeltis_semicordata,3,cycsem,terrestrial,terrestrial,out,828,8/10/2017,113.2,14.5,98.7,395,1.24,2019,170116.552,82800,0.170116552,2.05E-06,0.047,0.011571429,0.001087429,49.08522981,NA,NA,NA,NA,NA,NA,NA,NA,NA,NA,0.0058,94.82758621
la_selva,cyclopeltis_semicordata,4,cycsem,terrestrial,terrestrial,out,824,8/10/2017,110.8,24.9,85.9,427,1.29,2019,366112.647,82400,0.366112647,4.44E-06,0.045125,0.01075,0.0009725,44.93529674,NA,NA,NA,NA,NA,NA,NA,NA,NA,NA,0.0054,92.59259259
la_selva,cyclopeltis_semicordata,5,cycsem,terrestrial,terrestrial,out,857,8/10/2017,118.1,19.5,98.6,357,1.18,2019,305728.996,85700,0.305728996,3.57E-06,NA,NA,NA,NA,0.3975,866,3.812130411,-0.898302607,-1.26294428,86.64166033,5.273594287,0.124950061,0.218329931,0.121464945,NA,NA
la_selva,cyclopeltis_semicordata,6,cycsem,terrestrial,terrestrial,out,685,8/10/2017,98.5,18.9,79.6,395,1.31,2019,202355.506,68500,0.202355506,2.95E-06,0.051571429,0.012,0.001234286,52.87817938,NA,NA,NA,NA,NA,NA,NA,NA,NA,NA,0.0039,128.2051282
la_selva,cyclopeltis_semicordata,7,cycsem,terrestrial,terrestrial,out,524,8/10/2017,73.6,10.1,63.5,439,1.19,NA,NA,NA,NA,NA,NA,NA,NA,54.21686747,0.3245,828,4.038611196,-0.925314437,-1.037313752,96.67086177,25.96328759,0.033949538,0.188170079,0.029852298,0.0058,86.20689655
la_selva,cyclopeltis_semicordata,8,cycsem,terrestrial,terrestrial,out,882,8/10/2017,107.7,9.6,98.1,363,1.19,NA,NA,NA,NA,NA,NA,NA,NA,53.99375279,0.4639,824,3.716923302,-1.089926055,-1.232450399,95.08312546,20.14091607,0.043321182,0.243076878,0.050362647,0.0047,106.3829787
la_selva,cyclopeltis_semicordata,10,cycsem,terrestrial,terrestrial,out,NA,NA,NA,NA,NA,NA,NA,NA,NA,NA,NA,NA,NA,NA,NA,NA,0.3057,685,4.775742914,-0.921884951,-0.984432361,95.29813608,20.84564669,0.045124131,0.577953462,0.053429629,NA,NA
la_selva,cyclopeltis_semicordata,11,cycsem,terrestrial,terrestrial,out,NA,NA,NA,NA,NA,NA,NA,NA,NA,NA,NA,NA,NA,NA,NA,NA,0.2895,524,3.557672808,-0.980803634,-1.110141609,96.72349144,25.25924103,0.034410021,0.177604679,0.037574717,NA,NA
las_cruces,diplazium_atirrense,1,dipati,terrestrial,terrestrial,E2,1403.1,7/12/2018,142.4,42.3,100.1,773,1.836666667,2018,664501.298,140310,0.664501298,4.74E-06,0.051375,0.017375,0.00178175,49.61565339,NA,NA,NA,NA,NA,NA,NA,NA,NA,NA,0.0028,142.8571429
las_cruces,diplazium_atirrense,2,dipati,terrestrial,terrestrial,E2,1986.9,7/12/2018,110.5,34.6,75.9,834.6666667,1.933333333,2018,821985.88,198690,0.82198588,4.14E-06,0.055,0.01675,0.00184175,53.80852551,NA,NA,NA,NA,NA,NA,NA,NA,NA,NA,0.0035,114.2857143
las_cruces,diplazium_atirrense,3,dipati,terrestrial,terrestrial,E2,1043.5,7/12/2018,69.4,20,49.4,433,1.3,2018,613277.357,104350,0.613277357,5.88E-06,0.055,0.013875,0.0015215,54.50733753,NA,NA,NA,NA,NA,NA,NA,NA,NA,NA,0.0044,90.90909091
las_cruces,diplazium_atirrense,4,dipati,terrestrial,terrestrial,E2,616.24,7/12/2018,54.9,16.3,38.6,684.3333333,1.696666667,2018,308589.001,61624,0.308589001,5.01E-06,0.05075,0.015,0.00151975,58.00139762,NA,NA,NA,NA,NA,NA,NA,NA,NA,NA,0.0033,121.2121212
las_cruces,diplazium_atirrense,5,dipati,terrestrial,terrestrial,E2,591.31,7/12/2018,58.2,12.7,45.5,655,1.65,2018,338371.854,59131,0.338371854,5.72E-06,0.050875,0.01625,0.00165125,56.60377358,NA,NA,NA,NA,NA,NA,NA,NA,NA,NA,0.0032,125
las_cruces,diplazium_atirrense,6,dipati,terrestrial,terrestrial,E2,370.8,7/12/2018,49,13.9,35.1,720.3333333,1.753333333,2018,346917.254,37080,0.346917254,9.36E-06,0.052,0.01625,0.001691,78.96575821,NA,NA,NA,NA,NA,NA,NA,NA,NA,NA,0.0046,86.95652174
las_cruces,diplazium_prominulum,1,dippro,terrestrial,terrestrial,E2,345,7/8/2018,72.9,31.3,41.6,439.3333333,1.31,2018,106422.971,34500,0.106422971,3.08E-06,0.046125,0.01125,0.00103375,73.37526205,0.2617,345,4.589458072,-1.020030219,-1.082623086,95.83608409,25.58481306,0.036953402,0.364045509,0.071470687,0.0025,160
las_cruces,diplazium_prominulum,2,dippro,terrestrial,terrestrial,E2,286.5,7/8/2018,63.9,25.5,38.4,443.3333333,1.316666667,2018,175605.208,28650,0.175605208,6.13E-06,0.046375,0.01325,0.001229,76.17051013,NA,NA,NA,NA,NA,NA,NA,NA,NA,NA,0.0028,142.8571429
las_cruces,diplazium_prominulum,3,dippro,terrestrial,terrestrial,E2,545.1,7/8/2018,85.9,30.3,55.6,401.3333333,1.25,2018,178086.003,54510,0.178086003,3.27E-06,0.0434,0.0104,0.0009072,58.70020964,NA,NA,NA,NA,NA,NA,NA,NA,NA,NA,0.0019,210.5263158
las_cruces,diplazium_prominulum,4,dippro,terrestrial,terrestrial,E2,226.2,7/8/2018,53.8,24,29.8,532,35.65666667,2018,80541.505,22620,0.080541505,3.56E-06,0.047625,0.011625,0.00110925,74.77288609,NA,NA,NA,NA,NA,NA,NA,NA,NA,NA,0.0028,142.8571429
las_cruces,diplazium_prominulum,5,dippro,terrestrial,terrestrial,E2,277.6,7/8/2018,58,25.2,32.8,515.3333333,1.43,2018,85131.145,27760,0.085131145,3.07E-06,0.044875,0.0115,0.00103,64.2907058,0.2016,286.5,7.337248812,-0.588816328,-0.660891685,92.80082974,8.62964114,0.103607245,0.566835073,0.297178076,0.0024,166.6666667
las_cruces,diplazium_prominulum,6,dippro,terrestrial,terrestrial,E2,329.6,7/8/2018,53.7,15.4,38.3,515.3333333,1.43,NA,NA,NA,NA,NA,0.044333333,0.012,0.001054667,67.7847659,NA,NA,NA,NA,NA,NA,NA,NA,NA,NA,0.0023,173.9130435
las_cruces,diplazium_prominulum,7,dippro,terrestrial,terrestrial,E2,183.5,7/8/2018,47.7,21.5,26.2,331.6666667,1.14,2018,85885.929,18350,0.085885929,4.68E-06,NA,NA,NA,NA,0.1595,545.1,5.248680389,-0.997414135,-1.044291731,95.75776074,22.94660326,0.041559066,0.693530952,0.035459116,NA,NA
las_cruces,diplazium_prominulum,9,dippro,terrestrial,terrestrial,E2,NA,NA,NA,NA,NA,NA,NA,NA,NA,NA,NA,NA,NA,NA,NA,NA,0.1525,277.6,5.261733224,-0.819197373,-0.901391011,95.7111537,17.47104907,0.051363429,0.397186037,0.08248229,NA,NA
las_cruces,diplazium_prominulum,10,dippro,terrestrial,terrestrial,E2,NA,NA,NA,NA,NA,NA,NA,NA,NA,NA,NA,NA,NA,NA,NA,NA,0.1985,329.6,6.944148049,-0.671176465,-0.746330744,89.2148909,6.824058649,0.132521544,1.032057393,0.307897571,NA,NA
la_selva,diplazium_straitastrum,1,dipstr,terrestrial,terrestrial,E2,80,7/10/2017,114.4,23.4,91,452,1.33,2017,324934,8000,0.324934,4.06E-05,0.038571429,0.008714286,0.000677429,111.8055556,0.2401,80,5.560724398,-0.876248476,-0.982820404,90.9873994,9.8110282,0.090768814,0.636935874,0.841584447,0.0035,142.8571429
la_selva,diplazium_straitastrum,2,dipstr,terrestrial,terrestrial,E2,48,7/10/2017,101.5,17.5,84,490,1.39,2017,329917,4800,0.329917,6.87E-05,0.048375,0.01,0.0009715,106.9444444,NA,NA,NA,NA,NA,NA,NA,NA,NA,NA,0.006,83.33333333
la_selva,diplazium_straitastrum,3,dipstr,terrestrial,terrestrial,E2,93,7/10/2017,100.5,23.5,77,465,1.35,2017,228924,9300,0.228924,2.46E-05,0.047444444,0.009777778,0.000925333,107.4074074,NA,NA,NA,NA,NA,NA,NA,NA,NA,NA,0.0049,102.0408163
la_selva,diplazium_straitastrum,4,dipstr,terrestrial,terrestrial,E2,60,7/10/2017,100,21,79,458,1.34,2017,214427,6000,0.214427,3.57E-05,0.048888889,0.010555556,0.001027556,115.0462963,NA,NA,NA,NA,NA,NA,NA,NA,NA,NA,0.0048,104.1666667
la_selva,diplazium_straitastrum,5,dipstr,terrestrial,terrestrial,E2,60,7/10/2017,94,20,74,496,1.4,2017,253718,6000,0.253718,4.23E-05,0.047,0.011555556,0.001088889,103.0092593,0.1435,48,4.847867089,-1.078779431,-1.160777706,93.46399911,16.547613,0.056020042,0.621038633,0.451057901,0.0078,64.1025641
la_selva,diplazium_straitastrum,6,dipstr,terrestrial,terrestrial,E2,85,7/10/2017,94,21,73,451,1.47,2017,222779,8500,0.222779,2.62E-05,0.048333333,0.010666667,0.001031333,102.962963,NA,NA,NA,NA,NA,NA,NA,NA,NA,NA,0.0093,53.76344086
la_selva,diplazium_straitastrum,8,dipstr,terrestrial,terrestrial,E2,NA,NA,NA,NA,NA,NA,NA,NA,NA,NA,NA,NA,NA,NA,NA,NA,0.1926,60,4.392379769,-0.930555208,-1.202539567,92.52075509,11.81465121,0.062404486,0.169358335,0.488819157,NA,NA
la_selva,diplazium_straitastrum,9,dipstr,terrestrial,terrestrial,E2,NA,NA,NA,NA,NA,NA,NA,NA,NA,NA,NA,NA,NA,NA,NA,NA,0.2598,60,4.472012291,-1.006006497,-1.16707802,84.03992101,6.376722681,0.134560266,0.727969355,1.447555476,NA,NA
la_selva,diplazium_straitastrum,10,dipstr,terrestrial,terrestrial,E2,NA,NA,NA,NA,NA,NA,NA,NA,NA,NA,NA,NA,NA,NA,NA,NA,0.3418,85,4.828904483,-0.894216229,-1.026046681,89.6323826,8.334410207,0.103337241,0.511000532,1.114772131,NA,NA
las_cruces,dryopteris_patula,1,drypat,epiphyte,epiphyte,E1,902.89,7/10/2018,104.4,19.3,85.1,145.6666667,0.846666667,2018,235820.178,90289,0.235820178,2.61E-06,0.045125,0.012125,0.00109525,87.35150245,NA,NA,NA,NA,NA,NA,NA,NA,NA,NA,0.407,37.66584767
las_cruces,dryopteris_patula,2,drypat,epiphyte,epiphyte,E1,809.92,7/10/2018,104.9,28.2,76.7,401.3333333,1.25,2018,251243.244,80992,0.251243244,3.10E-06,0.044375,0.013875,0.00123175,83.85744235,NA,NA,NA,NA,NA,NA,NA,NA,NA,NA,0.219,40.77625571
las_cruces,dryopteris_patula,3,drypat,epiphyte,epiphyte,E1,526.75,7/10/2018,85.7,18,67.7,315,1.113333333,2018,97919.624,52675,0.097919624,1.86E-06,0.044875,0.013375,0.00119925,54.50733753,NA,NA,NA,NA,NA,NA,NA,NA,NA,NA,0.214,36.26168224
las_cruces,dryopteris_patula,4,drypat,epiphyte,epiphyte,E1,459.44,7/10/2018,66,14.3,51.7,369.6666667,1.2,2018,103860.458,45944,0.103860458,2.26E-06,0.047875,0.01125,0.00107975,69.18238994,NA,NA,NA,NA,NA,NA,NA,NA,NA,NA,0.283,32.33215548
las_cruces,dryopteris_patula,5,drypat,epiphyte,epiphyte,E1,451.57,7/10/2018,67.9,19,48.9,211,0.95,2018,105418.76,45157,0.10541876,2.33E-06,0.04345,0.01,0.00087011,88.05031447,0.2264,809.92,4.818053657,-0.40545631,-0.5425984,95.98853565,7.622931869,0.089923558,0.10771561,0.067283242,0.261,34.29118774
las_cruces,dryopteris_patula,6,drypat,epiphyte,epiphyte,E1,312.13,7/10/2018,60.8,16.3,44.5,363.3333333,1.19,2018,79110.959,31213,0.079110959,2.53E-06,0.04375,0.012625,0.0011065,76.17051013,NA,NA,NA,NA,NA,NA,NA,NA,NA,NA,0.248,33.5483871
las_cruces,dryopteris_patula,7,drypat,epiphyte,epiphyte,E1,NA,NA,NA,NA,NA,NA,NA,NA,NA,NA,NA,NA,NA,NA,NA,NA,0.1431,526.75,6.681412865,-0.359773837,-0.461510086,95.60613601,5.333783814,0.132954878,0.163517676,0.134071099,NA,NA
las_cruces,dryopteris_patula,8,drypat,epiphyte,epiphyte,E1,NA,NA,NA,NA,NA,NA,NA,NA,NA,NA,NA,NA,NA,NA,NA,NA,0.2396,459.44,4.498975851,-0.36053195,-0.572818704,95.2730279,5.504642429,0.098638147,0.07150551,0.128571311,NA,NA
las_cruces,dryopteris_patula,9,drypat,epiphyte,epiphyte,E1,NA,NA,NA,NA,NA,NA,NA,NA,NA,NA,NA,NA,NA,NA,NA,NA,0.1577,451.57,4.553555273,-0.249849084,-0.318727658,98.02315107,8.474108366,0.083678482,0.068115596,0.073926222,NA,NA
las_cruces,dryopteris_patula,11,drypat,epiphyte,epiphyte,E1,NA,NA,NA,NA,NA,NA,NA,NA,NA,NA,NA,NA,NA,NA,NA,NA,0.1458,479.25,4.017038487,-0.283059076,-0.429009506,95.20488842,3.779525632,0.145958688,0.081779819,0.09909593,NA,NA
la_selva,elaphoglossum_amygdalifolium,1,elaamy,hemi-epiphyte,hemi-epiphyte,E1,28.6,7/20/2017,19.9,4,15.9,547,1.48,2017,3105,2860,0.003105,1.09E-06,NA,NA,NA,7.686932215,0.1244,28.6,3.969856188,-1.202993155,-1.40576416,96.02103769,26.79876008,0.031277456,0.119803121,0.300046134,0.0044,113.6363636
la_selva,elaphoglossum_amygdalifolium,2,elaamy,hemi-epiphyte,hemi-epiphyte,E1,36.2,7/20/2017,22.3,1.8,20.5,262,1.03,2017,1401,3620,0.001401,3.87E-07,NA,NA,NA,8.851618915,NA,NA,NA,NA,NA,NA,NA,NA,NA,NA,0.0057,87.71929825
la_selva,elaphoglossum_amygdalifolium,3,elaamy,hemi-epiphyte,hemi-epiphyte,E1,25.1,7/20/2017,17.7,2.9,14.8,541,1.47,2017,2288,2510,0.002288,9.12E-07,NA,NA,NA,11.64686699,NA,NA,NA,NA,NA,NA,NA,NA,NA,NA,0.0048,104.1666667
la_selva,elaphoglossum_amygdalifolium,4,elaamy,hemi-epiphyte,hemi-epiphyte,E1,23.9,7/20/2017,19.6,4.8,14.8,503,1.41,2017,2259,2390,0.002259,9.45E-07,NA,NA,NA,9.503843466,NA,NA,NA,NA,NA,NA,NA,NA,NA,NA,0.0057,87.71929825
la_selva,elaphoglossum_amygdalifolium,5,elaamy,hemi-epiphyte,hemi-epiphyte,E1,23.5,7/20/2017,14,1,13,547,1.48,2017,2230,2350,0.00223,9.49E-07,NA,NA,NA,6.755182856,0.2093,36.2,4.567251721,-0.879476988,-0.95882737,96.55561281,23.07112577,0.039335987,0.312058687,0.577076184,0.0046,108.6956522
la_selva,elaphoglossum_amygdalifolium,6,elaamy,hemi-epiphyte,hemi-epiphyte,E1,22.5,7/20/2017,16.8,1.3,15.5,579,1.53,2017,3326,2250,0.003326,1.48E-06,NA,NA,NA,7.686932215,NA,NA,NA,NA,NA,NA,NA,NA,NA,NA,0.0049,102.0408163
la_selva,elaphoglossum_amygdalifolium,7,elaamy,hemi-epiphyte,hemi-epiphyte,E1,NA,NA,NA,NA,NA,NA,NA,NA,NA,NA,NA,NA,NA,NA,NA,NA,0.1358,25.1,3.083156583,-1.051913589,-1.526241972,97.2551074,33.08819631,0.019338285,0.029916874,0.179211994,NA,NA
la_selva,elaphoglossum_amygdalifolium,8,elaamy,hemi-epiphyte,hemi-epiphyte,E1,NA,NA,NA,NA,NA,NA,NA,NA,NA,NA,NA,NA,NA,NA,NA,NA,0.0669,23.9,6.621645143,-1.002767732,-1.050509138,97.31639267,36.98280023,0.02579701,0.451697827,0.26563848,NA,NA
la_selva,elaphoglossum_amygdalifolium,9,elaamy,hemi-epiphyte,hemi-epiphyte,E1,NA,NA,NA,NA,NA,NA,NA,NA,NA,NA,NA,NA,NA,NA,NA,NA,0.0801,23.5,5.811190029,-1.265204161,-1.332952113,96.76109813,37.1876258,0.025465276,0.365140307,0.280224186,NA,NA
la_selva,elaphoglossum_amygdalifolium,10,elaamy,hemi-epiphyte,hemi-epiphyte,E1,NA,NA,NA,NA,NA,NA,NA,NA,NA,NA,NA,NA,NA,NA,NA,NA,0.0737,22.5,5.296258608,-1.363715388,-1.447646049,96.53264885,32.40721315,0.028848432,0.34952239,0.278037807,NA,NA
las_cruces,elaphoglossum_decursivum,1,eladec,epiphyte,epiphyte,E1,221.22,7/14/2018,90.7,12.6,78.1,473.3333333,1.363333333,2018,39407.019,22122,0.039407019,1.78E-06,0.046125,0.01375,0.00126425,18.86792453,NA,NA,NA,NA,NA,NA,NA,NA,NA,NA,0.0042,95.23809524
las_cruces,elaphoglossum_decursivum,2,eladec,epiphyte,epiphyte,E1,251.78,7/14/2018,90.6,12.4,78.2,295.6666667,1.083333333,2018,36557.665,25178,0.036557665,1.45E-06,0.04775,0.013875,0.0013255,18.16911251,NA,NA,NA,NA,NA,NA,NA,NA,NA,NA,0.0048,83.33333333
las_cruces,elaphoglossum_decursivum,3,eladec,epiphyte,epiphyte,E1,193.19,7/14/2018,78.8,7.5,71.3,271.3333333,0.926666667,2018,34471.007,19319,0.034471007,1.78E-06,0.049125,0.014625,0.00143475,18.86792453,NA,NA,NA,NA,NA,NA,NA,NA,NA,NA,0.0045,88.88888889
las_cruces,elaphoglossum_decursivum,4,eladec,epiphyte,epiphyte,E1,133.82,7/14/2018,70.9,9.4,61.5,564,1.506666667,2018,30624.253,13382,0.030624253,2.29E-06,0.045,0.01325,0.001191,17.47030049,NA,NA,NA,NA,NA,NA,NA,NA,NA,NA,0.0035,114.2857143
las_cruces,elaphoglossum_decursivum,5,eladec,epiphyte,epiphyte,E1,233.5,7/14/2018,79.5,7.4,72.1,644.3333333,1.633333333,2018,27150.006,23350,0.027150006,1.16E-06,0.048666667,0.013166667,0.001282333,13.97624039,0.3788,251.78,3.683074102,-0.48415422,-0.602079366,98.4626389,24.42324666,0.031603815,0.061161711,0.097289553,0.0047,85.10638298
las_cruces,elaphoglossum_decursivum,6,eladec,epiphyte,epiphyte,E1,224.52,7/14/2018,74.5,5.5,69,395,1.24,2018,30397.715,22452,0.030397715,1.35E-06,0.045,0.0124,0.0011168,16.07267645,NA,NA,NA,NA,NA,NA,NA,NA,NA,NA,0.0044,90.90909091
las_cruces,elaphoglossum_decursivum,8,eladec,epiphyte,epiphyte,E1,NA,NA,NA,NA,NA,NA,NA,NA,NA,NA,NA,NA,NA,NA,NA,NA,0.4162,133.82,3.265292081,-0.666175754,-0.846057238,98.53463202,34.97776424,0.022388873,0.033278155,0.126317292,NA,NA
las_cruces,elaphoglossum_decursivum,9,eladec,epiphyte,epiphyte,E1,NA,NA,NA,NA,NA,NA,NA,NA,NA,NA,NA,NA,NA,NA,NA,NA,0.4075,233.5,4.79960481,-0.907026586,-1.128639779,97.39043137,33.24505322,0.023653076,0.079468699,0.110068065,NA,NA
las_cruces,elaphoglossum_decursivum,10,eladec,epiphyte,epiphyte,E1,NA,NA,NA,NA,NA,NA,NA,NA,NA,NA,NA,NA,NA,NA,NA,NA,0.3595,224.52,3.587185612,-0.882540565,-1.043773227,97.99213993,39.13441409,0.021081055,0.084019001,0.067269398,NA,NA
las_cruces,elaphoglossum_decursivum,11,eladec,epiphyte,epiphyte,E1,NA,NA,NA,NA,NA,NA,NA,NA,NA,NA,NA,NA,NA,NA,NA,NA,0.7012,221.22,3.687477971,-0.864490593,-1.112119553,96.94818473,25.44010328,0.029444669,0.071765209,0.191197023,NA,NA
las_cruces,elaphoglossum_decursivum,12,eladec,epiphyte,epiphyte,E1,NA,NA,NA,NA,NA,NA,NA,NA,NA,NA,NA,NA,NA,NA,NA,NA,0.4427,209.67,3.773477617,-0.750553239,-0.936336052,98.08331723,34.84250221,0.022060343,0.063678214,0.09764607,NA,NA
la_selva,elaphoglossum_herminieri,1,elaher,epiphyte,epiphyte,E1,88.6,7/19/2017,48.7,0,48.7,953,2.12,2017,25482,8860,0.025482,2.88E-06,0.0525,0.01825,0.001916,24.22548334,0.3156,88.6,2.352782217,-0.651778505,-0.797113233,98.21718666,36.41891694,0.02241098,0.048177391,0.104345409,0.0195,25.64102564
la_selva,elaphoglossum_herminieri,2,elaher,epiphyte,epiphyte,E1,54.6,7/19/2017,35.5,0,35.5,541,1.47,2017,45804,5460,0.045804,8.39E-06,0.04925,0.019,0.0018775,31.44654088,NA,NA,NA,NA,NA,NA,NA,NA,NA,NA,0.0176,28.40909091
la_selva,elaphoglossum_herminieri,3,elaher,epiphyte,epiphyte,E1,48.3,7/19/2017,29,0,29,877,2,2017,22970,4830,0.02297,4.76E-06,0.05225,0.01675,0.0017525,26.55485674,NA,NA,NA,NA,NA,NA,NA,NA,NA,NA,0.0259,19.30501931
la_selva,elaphoglossum_herminieri,4,elaher,epiphyte,epiphyte,E1,92.6,7/19/2017,51,0,51,344,1.16,2017,32962,9260,0.032962,3.56E-06,0.04675,0.017375,0.0016245,31.77265316,NA,NA,NA,NA,NA,NA,NA,NA,NA,NA,0.0141,35.46099291
la_selva,elaphoglossum_herminieri,5,elaher,epiphyte,epiphyte,E1,103.2,7/19/2017,36.8,0,36.8,921,2.07,2017,20140,10320,0.02014,1.95E-06,0.047166667,0.017333333,0.001625,27.71954344,0.2715,54.6,4.004232979,-0.753121093,-0.926894251,95.73662461,18.63032654,0.043749716,0.116669344,0.483948626,0.0189,26.45502646
la_selva,elaphoglossum_herminieri,6,elaher,epiphyte,epiphyte,E1,118.6,7/19/2017,61.8,0,61.8,750,1.8,2017,60595,11860,0.060595,5.11E-06,0.04725,0.015,0.001441,21.56999767,NA,NA,NA,NA,NA,NA,NA,NA,NA,NA,0.0203,24.63054187
la_selva,elaphoglossum_herminieri,7,elaher,epiphyte,epiphyte,E1,NA,NA,NA,NA,NA,NA,NA,NA,NA,NA,NA,NA,NA,NA,NA,NA,0.3864,48.3,2.84157652,-0.638232151,-0.884595624,97.55140888,26.70672164,0.026904726,0.041772811,0.339785945,NA,NA
la_selva,elaphoglossum_herminieri,8,elaher,epiphyte,epiphyte,E1,NA,NA,NA,NA,NA,NA,NA,NA,NA,NA,NA,NA,NA,NA,NA,NA,0.3232,92.6,3.248741251,-0.684121959,-0.930585138,96.15923712,14.80866027,0.046488368,0.084157845,0.671238572,NA,NA
la_selva,elaphoglossum_herminieri,9,elaher,epiphyte,epiphyte,E1,NA,NA,NA,NA,NA,NA,NA,NA,NA,NA,NA,NA,NA,NA,NA,NA,0.312,103.2,4.179879838,-0.778266688,-1.17165059,96.3789821,17.66546207,0.034254515,0.042890699,0.240482795,NA,NA
la_selva,elaphoglossum_herminieri,10,elaher,epiphyte,epiphyte,E1,NA,NA,NA,NA,NA,NA,NA,NA,NA,NA,NA,NA,NA,NA,NA,NA,0.3313,118.6,3.305190674,-0.681676452,-0.939967312,97.11329761,23.90657477,0.030372382,0.038815972,0.155790014,NA,NA
la_selva,elaphoglossum_latifolium,1,elalat,epiphyte,epiphyte,E1,54.8,7/18/2017,23.6,2.4,21.2,325,1.13,2019,44929,5480,0.044929,8.20E-06,0.048975,0.01325,0.00130866,32.37829024,0.2629,54.8,2.542047528,-0.77720461,-1.031414893,97.18626749,24.88817219,0.029044171,0.060062023,0.196779645,0.0126,39.68253968
la_selva,elaphoglossum_latifolium,2,elalat,epiphyte,epiphyte,E1,84.6,7/18/2017,24.7,3.4,21.3,389,1.23,2019,26676,8460,0.026676,3.15E-06,0.05165,0.015875,0.00164023,32.61122758,NA,NA,NA,NA,NA,NA,NA,NA,NA,NA,0.0119,42.01680672
la_selva,elaphoglossum_latifolium,3,elalat,epiphyte,epiphyte,E1,54.2,7/18/2017,24.2,5.7,18.5,661,1.66,2019,34552,5420,0.034552,6.37E-06,0.052575,0.01345,0.001412865,34.94060098,NA,NA,NA,NA,NA,NA,NA,NA,NA,NA,0.0194,25.77319588
la_selva,elaphoglossum_latifolium,4,elalat,epiphyte,epiphyte,E1,52.5,7/18/2017,26.4,5.3,21.1,553,1.49,2019,53459,5250,0.053459,1.02E-05,0.046425,0.011825,0.001098055,33.07710226,NA,NA,NA,NA,NA,NA,NA,NA,NA,NA,0.0151,33.11258278
la_selva,elaphoglossum_latifolium,5,elalat,epiphyte,epiphyte,E1,92.1,7/18/2017,24.9,8.5,16.4,458,1.34,2019,52159,9210,0.052159,5.66E-06,0.05098,0.01514,0.001538324,18.16911251,0.2312,84.6,4.698064702,-0.772172663,-0.941736387,95.68285028,17.38269478,0.046785908,0.164683013,0.333717529,0.0146,34.24657534
la_selva,elaphoglossum_latifolium,6,elalat,epiphyte,epiphyte,E1,63.8,7/18/2017,36.8,10,26.8,376,1.21,2019,34080,6380,0.03408,5.34E-06,0.046533333,0.0123,0.001144067,31.72606569,NA,NA,NA,NA,NA,NA,NA,NA,NA,NA,0.0164,30.48780488
la_selva,elaphoglossum_latifolium,7,elalat,epiphyte,epiphyte,E1,NA,NA,NA,NA,NA,NA,NA,NA,NA,NA,NA,NA,NA,NA,NA,NA,0.4919,54.2,2.71793806,-0.705003074,-0.89049949,98.85906808,54.44645627,0.014263906,0.028262685,0.19547132,NA,NA
la_selva,elaphoglossum_latifolium,8,elalat,epiphyte,epiphyte,E1,NA,NA,NA,NA,NA,NA,NA,NA,NA,NA,NA,NA,NA,NA,NA,NA,0.3535,52.5,3.96777746,-0.601412569,-0.750390349,98.02444405,23.556686,0.032135521,0.068433869,0.476969115,NA,NA
la_selva,elaphoglossum_latifolium,9,elalat,epiphyte,epiphyte,E1,NA,NA,NA,NA,NA,NA,NA,NA,NA,NA,NA,NA,NA,NA,NA,NA,0.7173,92.1,2.198620757,-0.569650879,-0.810076124,98.4103015,33.68896408,0.020194581,0.025442136,0.192111719,NA,NA
la_selva,elaphoglossum_latifolium,10,elalat,epiphyte,epiphyte,E1,NA,NA,NA,NA,NA,NA,NA,NA,NA,NA,NA,NA,NA,NA,NA,NA,0.4462,63.8,3.250530231,-0.713417631,-0.882276033,96.79488288,21.99306168,0.0367652,0.098929709,0.464330831,NA,NA
la_selva,lomariopsis_japurensis,1,lomjap,hemi-epiphyte,hemi-epiphyte,out,673.7,7/10/2017,68,5.5,62.5,427,1.29,NA,NA,NA,NA,NA,0.051444444,0.012666667,0.0013,29.62962963,NA,NA,NA,NA,NA,NA,NA,NA,NA,NA,0.0056,89.28571429
la_selva,lomariopsis_japurensis,2,lomjap,hemi-epiphyte,hemi-epiphyte,out,1102.8,7/10/2017,100,6.5,93.5,642,1.63,2019,258956.813,110280,0.258956813,2.35E-06,0.055777778,0.014333333,0.001600667,36.34259259,NA,NA,NA,NA,NA,NA,NA,NA,NA,NA,0.0067,74.62686567
la_selva,lomariopsis_japurensis,3,lomjap,hemi-epiphyte,hemi-epiphyte,out,1261,7/10/2017,98.9,3.5,95.4,452,1.33,2019,504361.714,126100,0.504361714,4.00E-06,0.050111111,0.014111111,0.001415333,37.03703704,NA,NA,NA,NA,NA,NA,NA,NA,NA,NA,0.0076,65.78947368
la_selva,lomariopsis_japurensis,4,lomjap,hemi-epiphyte,hemi-epiphyte,out,1186.8,7/10/2017,111.7,8.5,103.2,389,1.23,2019,656076.11,118680,0.65607611,5.53E-06,0.043444444,0.013222222,0.001150444,37.63888889,NA,NA,NA,NA,NA,NA,NA,NA,NA,NA,0.0052,96.15384615
la_selva,lomariopsis_japurensis,5,lomjap,hemi-epiphyte,hemi-epiphyte,out,692.5,7/10/2017,82.9,19.5,63.4,655,1.65,2019,369554.327,69250,0.369554327,5.34E-06,0.050444444,0.014222222,0.001440667,29.07407407,NA,NA,NA,NA,NA,NA,NA,NA,NA,NA,0.0075,66.66666667
la_selva,lomariopsis_japurensis,6,lomjap,hemi-epiphyte,hemi-epiphyte,out,981.9,7/10/2017,83.6,6.5,77.1,439,1.31,2019,539840.273,98190,0.539840273,5.50E-06,0.055555556,0.013,0.001443111,39.81481481,NA,NA,NA,NA,NA,NA,NA,NA,NA,NA,0.0115,43.47826087
la_selva,lomariopsis_japurensis,7,lomjap,hemi-epiphyte,hemi-epiphyte,out,NA,NA,NA,NA,NA,NA,NA,NA,NA,NA,NA,NA,NA,NA,NA,NA,0.7404,1261,5.69237602,-0.558911799,-0.817103275,89.72069505,4.691178772,0.136376758,0.228873419,0.253228604,NA,NA
la_selva,lomariopsis_japurensis,8,lomjap,hemi-epiphyte,hemi-epiphyte,out,NA,NA,NA,NA,NA,NA,NA,NA,NA,NA,NA,NA,NA,NA,NA,NA,0.1997,1186.8,6.488579685,-0.68106562,-1.016089719,89.5066694,6.001096135,0.110159029,0.180873298,0.06681866,NA,NA
la_selva,lomariopsis_japurensis,9,lomjap,hemi-epiphyte,hemi-epiphyte,out,NA,NA,NA,NA,NA,NA,NA,NA,NA,NA,NA,NA,NA,NA,NA,NA,0.334,692.5,4.665622541,-0.669696293,-0.999393854,91.47042293,7.657165388,0.085691596,0.145034656,0.107127759,NA,NA
las_cruces,lomariopsis_maxonii,1,lommax,hemi-epiphyte,hemi-epiphyte,out,568.4,7/17/2018,67.6,19.7,47.9,798.6666667,1.876666667,2018,193239.137,56840,0.193239137,3.40E-06,0.0455,0.01325,0.001215,48.91684137,0.3177,568.4,4.628516246,-1.047466154,-1.235477976,98.43047049,54.74103181,0.014981101,0.052873276,0.021531593,0.0054,74.07407407
las_cruces,lomariopsis_maxonii,2,lommax,hemi-epiphyte,hemi-epiphyte,out,397.19,7/17/2018,81,18.3,62.7,792.3333333,1.866666667,2018,90803.252,39719,0.090803252,2.29E-06,0.049333333,0.015666667,0.001547333,35.639413,NA,NA,NA,NA,NA,NA,NA,NA,NA,NA,0.0041,97.56097561
las_cruces,lomariopsis_maxonii,3,lommax,hemi-epiphyte,hemi-epiphyte,out,507.2,7/17/2018,75.5,13.5,62,784,1.853333333,2018,107976.649,50720,0.107976649,2.13E-06,0.0495,0.0155,0.001532,38.43466108,NA,NA,NA,NA,NA,NA,NA,NA,NA,NA,0.0043,93.02325581
las_cruces,lomariopsis_maxonii,4,lommax,hemi-epiphyte,hemi-epiphyte,out,569.43,7/17/2018,68.2,13.1,55.1,399,1.246666667,2018,169174.788,56943,0.169174788,2.97E-06,0.048125,0.01475,0.00141875,60.7966457,NA,NA,NA,NA,NA,NA,NA,NA,NA,NA,0.0052,76.92307692
las_cruces,lomariopsis_maxonii,5,lommax,hemi-epiphyte,hemi-epiphyte,out,509.1,7/17/2018,75,16.1,58.9,365.6666667,1.193333333,2018,119100.491,50910,0.119100491,2.34E-06,0.054425,0.0129,0.00140306,38.43466108,0.3418,397.19,4.413719631,-1.20762926,-1.509660782,97.76553358,46.10343259,0.016672326,0.047726356,0.035180513,0.0045,88.88888889
las_cruces,lomariopsis_maxonii,6,lommax,hemi-epiphyte,hemi-epiphyte,out,264.1,7/17/2018,60.2,11.8,48.4,411.6666667,1.266666667,2018,76887.078,26410,0.076887078,2.91E-06,0.049325,0.0115125,0.001139945,41.92872117,NA,NA,NA,NA,NA,NA,NA,NA,NA,NA,0.0039,102.5641026
las_cruces,lomariopsis_maxonii,7,lommax,hemi-epiphyte,hemi-epiphyte,out,360.82,7/17/2018,58,15.7,42.3,NA,NA,NA,NA,NA,NA,NA,NA,NA,NA,NA,0.5104,507.2,3.124873452,-1.231167464,-1.526456383,96.38007849,31.5777766,0.024785763,0.079499828,0.043300572,NA,NA
las_cruces,lomariopsis_maxonii,8,lommax,hemi-epiphyte,hemi-epiphyte,out,NA,NA,NA,NA,NA,NA,NA,NA,NA,NA,NA,NA,NA,NA,NA,NA,0.3977,569.43,3.190029215,-0.707024457,-0.880819165,98.63443168,36.63622526,0.020374551,0.032491571,0.02521886,NA,NA
las_cruces,lomariopsis_maxonii,9,lommax,hemi-epiphyte,hemi-epiphyte,out,NA,NA,NA,NA,NA,NA,NA,NA,NA,NA,NA,NA,NA,NA,NA,NA,0.8375,509.1,2.803384754,-0.957818411,-1.202916762,97.97325038,35.8846924,0.020870593,0.041703051,0.053472035,NA,NA
las_cruces,lomariopsis_maxonii,10,lommax,hemi-epiphyte,hemi-epiphyte,out,NA,NA,NA,NA,NA,NA,NA,NA,NA,NA,NA,NA,NA,NA,NA,NA,0.2928,264.1,4.514210704,-0.376772831,-0.55088575,98.42551749,17.0561985,0.036339883,0.022800704,0.101040507,NA,NA
la_selva,mickelia_nicotianifolia,1,micnic,hemi-epiphyte,climber,E1,347,7/10/2017,55.4,16.7,38.7,649,1.64,2017,67877,34700,0.067877,1.96E-06,0.065222222,0.013777778,0.001785111,20.30343597,0.2635,347,5.690454211,-0.764670856,-0.922809054,96.63642004,20.66349967,0.03915642,0.108101096,0.094000152,0.0055,90.90909091
la_selva,mickelia_nicotianifolia,2,micnic,hemi-epiphyte,climber,E1,510.3,7/10/2017,64.1,19.1,45,541,1.47,2017,101404,51030,0.101404,1.99E-06,0.072555556,0.015444444,0.002239778,24.5426149,NA,NA,NA,NA,NA,NA,NA,NA,NA,NA,0.0049,102.0408163
la_selva,mickelia_nicotianifolia,3,micnic,hemi-epiphyte,climber,E1,220.6,7/10/2017,54.3,22.4,31.9,534,1.46,2017,63617,22060,0.063617,2.88E-06,0.066111111,0.014888889,0.001975111,21.41900937,NA,NA,NA,NA,NA,NA,NA,NA,NA,NA,0.0047,106.3829787
la_selva,mickelia_nicotianifolia,4,micnic,hemi-epiphyte,climber,E1,433.7,7/10/2017,62.8,17.5,45.3,262,1.03,2017,75559,43370,0.075559,1.74E-06,0.069777778,0.015222222,0.002125556,25.21195895,NA,NA,NA,NA,NA,NA,NA,NA,NA,NA,0.0062,80.64516129
la_selva,mickelia_nicotianifolia,5,micnic,hemi-epiphyte,climber,E1,342.5,7/10/2017,52.2,13.4,38.8,572,1.52,2017,52034,34250,0.052034,1.52E-06,0.063777778,0.015111111,0.001927556,14.0562249,0.2448,510.3,6.18014667,-0.955696117,-1.037827927,93.39018368,13.77223927,0.066439671,0.719896324,0.109430806,0.0062,80.64516129
la_selva,mickelia_nicotianifolia,6,micnic,hemi-epiphyte,climber,E1,382.7,7/10/2017,56.1,13.8,42.3,243,1,2017,104383,38270,0.104383,2.73E-06,0.060444444,0.013555556,0.001641111,21.37438643,NA,NA,NA,NA,NA,NA,NA,NA,NA,NA,0.0048,104.1666667
la_selva,mickelia_nicotianifolia,7,micnic,hemi-epiphyte,climber,E1,NA,NA,NA,NA,NA,NA,NA,NA,NA,NA,NA,NA,NA,NA,NA,NA,0.5856,220.6,5.969495284,-0.917245858,-1.065666782,97.49590853,34.30791409,0.024726794,0.117355608,0.21768499,NA,NA
la_selva,mickelia_nicotianifolia,8,micnic,hemi-epiphyte,climber,E1,NA,NA,NA,NA,NA,NA,NA,NA,NA,NA,NA,NA,NA,NA,NA,NA,0.2836,433.7,5.617404715,-0.833908832,-0.886606827,98.33682481,45.60484712,0.020480235,0.235869062,0.041794098,NA,NA
la_selva,mickelia_nicotianifolia,9,micnic,hemi-epiphyte,climber,E1,NA,NA,NA,NA,NA,NA,NA,NA,NA,NA,NA,NA,NA,NA,NA,NA,0.2527,342.5,4.553274059,-1.158060503,-1.37731786,86.85809743,8.047785004,0.102750085,0.465327035,0.191768885,NA,NA
la_selva,mickelia_nicotianifolia,10,micnic,hemi-epiphyte,climber,E1,NA,NA,NA,NA,NA,NA,NA,NA,NA,NA,NA,NA,NA,NA,NA,NA,0.1745,382.7,6.095478073,-0.858252285,-1.030471455,95.55676789,17.89573826,0.045233798,0.186949875,0.069844995,NA,NA
la_selva,nephrolepis_biserrata,1,nepbis,terrestrial,terrestrial,E1,1091.4,7/20/2017,149.1,21.1,128,446,1.32,2017,265405,109140,0.265405,2.43E-06,0.045557143,0.011585714,0.001056223,42.62753319,0.0948,1091.4,8.954058192,-0.52486556,-0.63895918,87.62497845,3.889585438,0.206552695,0.47560106,0.089248856,0.0056,89.28571429
la_selva,nephrolepis_biserrata,2,nepbis,terrestrial,terrestrial,E1,908.8,7/20/2017,134,28.5,105.5,401,1.25,2017,208624,90880,0.208624,2.30E-06,0.037966667,0.0104,0.00079008,61.26252038,NA,NA,NA,NA,NA,NA,NA,NA,NA,NA,0.0048,104.1666667
la_selva,nephrolepis_biserrata,3,nepbis,terrestrial,terrestrial,E1,603.9,7/20/2017,93.2,13.6,79.6,370,1.2,2017,127186,60390,0.127186,2.11E-06,0.045216667,0.011266667,0.00101448,45.65571861,NA,NA,NA,NA,NA,NA,NA,NA,NA,NA,0.0051,98.03921569
la_selva,nephrolepis_biserrata,4,nepbis,terrestrial,terrestrial,E1,NA,NA,NA,NA,NA,NA,NA,NA,NA,NA,NA,NA,0.040925,0.01085,0.000885085,NA,NA,NA,NA,NA,NA,NA,NA,NA,NA,NA,NA,NA
la_selva,nephrolepis_biserrata,5,nepbis,terrestrial,terrestrial,E1,NA,NA,NA,NA,NA,NA,NA,NA,NA,NA,NA,NA,0.0454,0.009066667,0.000822033,NA,0.0802,908.8,7.380919039,-0.592808873,-0.728495536,86.79791442,4.647942912,0.175107048,0.511072935,0.063364734,NA,NA
la_selva,nephrolepis_biserrata,6,nepbis,terrestrial,terrestrial,E1,517.3,7/20/2017,86,11,75,344,1.1,2017,82148,51730,0.082148,1.59E-06,0.040075,0.010925,0.000880635,49.70882833,NA,NA,NA,NA,NA,NA,NA,NA,NA,NA,0.004,112.5
la_selva,nephrolepis_biserrata,7,nepbis,terrestrial,terrestrial,E1,NA,NA,NA,NA,NA,NA,NA,NA,NA,NA,NA,NA,NA,NA,NA,NA,0.0521,603.9,6.278901779,-0.585390735,-0.646388398,92.37895544,6.773957281,0.131754634,0.868634802,0.039650601,NA,NA
la_selva,nephrolepis_biserrata,8,nepbis,terrestrial,terrestrial,E1,712.6,7/20/2017,90.5,17.1,73.4,376,1.16,2017,214447,71260,0.214447,3.01E-06,NA,NA,NA,55.11297461,NA,NA,NA,NA,NA,NA,NA,NA,NA,NA,0.0036,125
la_selva,nephrolepis_biserrata,9,nepbis,terrestrial,terrestrial,E1,435.4,7/20/2017,67.7,11.7,56,433,1.2,2017,91036,43540,0.091036,2.09E-06,NA,NA,NA,53.10971349,NA,NA,NA,NA,NA,NA,NA,NA,NA,NA,0.0041,121.9512195
la_selva,nephrolepis_biserrata,10,nepbis,terrestrial,terrestrial,E1,NA,NA,NA,NA,NA,NA,NA,NA,NA,NA,NA,NA,NA,NA,NA,NA,0.1079,517.3,6.633164777,-0.538994716,-0.781651207,88.06535225,3.32075892,0.186600462,0.279092044,0.143429988,NA,NA
la_selva,nephrolepis_biserrata,12,nepbis,terrestrial,terrestrial,E1,NA,NA,NA,NA,NA,NA,NA,NA,NA,NA,NA,NA,NA,NA,NA,NA,0.139,712.6,10.71626433,-0.431308668,-0.478197023,87.8379755,3.437790331,0.261381496,1.570582386,0.303539165,NA,NA
la_selva,nephrolepis_biserrata,13,nepbis,terrestrial,terrestrial,E1,NA,NA,NA,NA,NA,NA,NA,NA,NA,NA,NA,NA,NA,NA,NA,NA,0.1225,435.4,8.902850272,-0.612922642,-0.827491798,83.45871103,3.570017699,0.203406554,0.448072363,0.283053918,NA,NA
las_cruces,nephrolepis_brownii,1,nepbro,terrestrial,terrestrial,E1,509.12,7/9/2018,102.9,28.2,74.7,361.3333333,1.153333333,2018,194725.725,50912,0.194725725,3.82E-06,0.0430875,0.01025,0.000880208,75.47169811,0.3045,509.12,8.433477908,-0.303829786,-0.422421851,95.31564241,6.386629808,0.110069835,0.174843512,0.308439267,0.0035,114.2857143
las_cruces,nephrolepis_brownii,2,nepbro,terrestrial,terrestrial,E1,950.11,7/9/2018,146.8,45,101.8,338,1.15,2018,280710.399,95011,0.280710399,2.95E-06,0.04315,0.0092125,0.000795558,58.70020964,NA,NA,NA,NA,NA,NA,NA,NA,NA,NA,0.0026,153.8461538
las_cruces,nephrolepis_brownii,3,nepbro,terrestrial,terrestrial,E1,2448.4,7/9/2018,238.9,57.2,181.7,348.3333333,1.166666667,2018,370766.247,244840,0.370766247,1.51E-06,0.0461875,0.009725,0.000901168,78.96575821,NA,NA,NA,NA,NA,NA,NA,NA,NA,NA,0.0038,105.2631579
las_cruces,nephrolepis_brownii,4,nepbro,terrestrial,terrestrial,E1,1597.96,7/9/2018,165.5,42,123.5,564,1.503333333,2018,318328.905,159796,0.318328905,1.99E-06,0.04805,0.009375,0.00090061,61.49545772,NA,NA,NA,NA,NA,NA,NA,NA,NA,NA,0.0033,121.2121212
las_cruces,nephrolepis_brownii,5,nepbro,terrestrial,terrestrial,E1,1782.6,7/9/2018,171.7,37,134.7,422.3333333,1.283333333,2018,248661.537,178260,0.248661537,1.39E-06,0.04825,0.010375,0.001002213,68.48357792,0.2608,950.11,8.203279136,-0.307811893,-0.440869733,91.27727995,3.096676572,0.212014193,0.310881444,0.265224486,0.0045,88.88888889
las_cruces,nephrolepis_brownii,6,nepbro,terrestrial,terrestrial,E1,1958.57,7/9/2018,193.7,37.4,156.3,359,1.183333333,2018,363516.263,195857,0.363516263,1.86E-06,0.048175,0.01035,0.0009923,54.50733753,NA,NA,NA,NA,NA,NA,NA,NA,NA,NA,0.0043,93.02325581
las_cruces,nephrolepis_brownii,7,nepbro,terrestrial,terrestrial,E1,1762.99,7/9/2018,167.6,40.7,126.9,462.6666667,1.33,NA,NA,NA,NA,NA,NA,NA,NA,NA,0.2242,2448.4,8.405989522,-0.3005757,-0.359836994,95.72737586,6.379387405,0.12804237,0.378678619,0.054754936,0.0048,83.33333333
las_cruces,nephrolepis_brownii,9,nepbro,terrestrial,terrestrial,E1,684.75,7/9/2018,NA,NA,NA,NA,NA,NA,NA,NA,NA,NA,NA,NA,NA,NA,NA,NA,NA,NA,NA,NA,NA,NA,NA,NA,NA,NA
las_cruces,nephrolepis_brownii,10,nepbro,terrestrial,terrestrial,E1,463.96,7/9/2018,NA,NA,NA,NA,NA,NA,NA,NA,NA,NA,NA,NA,NA,NA,0.2086,1958.57,8.821142643,-0.354286763,-0.404261137,98.13105072,13.35595576,0.063564239,0.115971752,0.033177251,NA,NA
las_cruces,nephrolepis_brownii,11,nepbro,terrestrial,terrestrial,E1,NA,NA,NA,NA,NA,NA,NA,NA,NA,NA,NA,NA,NA,NA,NA,NA,0.2719,1762.99,7.432400665,-0.216083263,-0.256105895,98.01720319,8.372551018,0.096783736,0.137317477,0.061633716,NA,NA
las_cruces,nephrolepis_brownii,12,nepbro,terrestrial,terrestrial,E1,NA,NA,NA,NA,NA,NA,NA,NA,NA,NA,NA,NA,NA,NA,NA,NA,0.177,684.75,10.50374841,-0.493733986,-0.561693239,95.9947864,12.51311417,0.070116139,0.4068564,0.105762334,NA,NA
la_selva,nephrolepis_rivularis,1,nepriv,terrestrial,terrestrial,E1,643.5,7/20/2017,40,4.5,35.5,427,1.29,2017,26959,64350,0.026959,4.19E-07,0.062655556,0.014455556,0.001813116,36.10528768,0.1475,643.5,2.116801373,-0.99193788,-1.227845199,96.56398673,26.43803158,0.029860893,0.099381041,0.008049221,0.0096,52.08333333
la_selva,nephrolepis_rivularis,2,nepriv,terrestrial,terrestrial,E1,104.6,7/20/2017,44.2,6.3,37.9,477,1.37,2017,33942,10460,0.033942,3.24E-06,0.0806875,0.015225,0.002445605,33.3100396,NA,NA,NA,NA,NA,NA,NA,NA,NA,NA,0.0098,51.02040816
la_selva,nephrolepis_rivularis,3,nepriv,terrestrial,terrestrial,E1,110.9,7/20/2017,46,4,42,427,1.29,2017,20066,11090,0.020066,1.81E-06,0.064,0.0145,0.00185645,36.57116236,NA,NA,NA,NA,NA,NA,NA,NA,NA,NA,0.009,55.55555556
la_selva,nephrolepis_rivularis,4,nepriv,terrestrial,terrestrial,E1,138.4,7/20/2017,52.5,10.5,42,351,1.17,2017,2522,13840,0.002522,1.82E-07,0.05713875,0.0143125,0.001671589,22.87444677,NA,NA,NA,NA,NA,NA,NA,NA,NA,NA,0.0107,46.72897196
la_selva,nephrolepis_rivularis,5,nepriv,terrestrial,terrestrial,E1,111.4,7/20/2017,45.7,8.8,36.9,370,1.2,2017,23370,11140,0.02337,2.10E-06,0.0633625,0.0154875,0.00197095,22.45515956,0.1658,104.6,2.454947266,-0.810389087,-0.915831543,96.47931414,22.40103947,0.039281887,0.253827728,0.08492095,0.0057,87.71929825
la_selva,nephrolepis_rivularis,6,nepriv,terrestrial,terrestrial,E1,118.1,7/20/2017,48.1,5.5,42.6,287,1.07,2017,23344,11810,0.023344,1.98E-06,0.0607125,0.014525,0.001763653,34.70766364,NA,NA,NA,NA,NA,NA,NA,NA,NA,NA,0.0074,67.56756757
la_selva,nephrolepis_rivularis,7,nepriv,terrestrial,terrestrial,E1,NA,NA,NA,NA,NA,NA,NA,NA,NA,NA,NA,NA,NA,NA,NA,NA,0.1177,110.9,2.955573176,-0.692890349,-0.797618184,96.4150607,19.23169314,0.045048077,0.240596954,0.078503747,NA,NA
la_selva,nephrolepis_rivularis,8,nepriv,terrestrial,terrestrial,E1,NA,NA,NA,NA,NA,NA,NA,NA,NA,NA,NA,NA,NA,NA,NA,NA,0.217,138.4,2.203583747,-0.636827585,-0.891246829,97.22327623,20.56884533,0.03333552,0.048617163,0.063986438,NA,NA
la_selva,nephrolepis_rivularis,9,nepriv,terrestrial,terrestrial,E1,NA,NA,NA,NA,NA,NA,NA,NA,NA,NA,NA,NA,NA,NA,NA,NA,0.1386,111.4,5.183343666,-0.685319113,-0.768320333,96.42107141,18.79545883,0.047180437,0.285844692,0.169035333,NA,NA
la_selva,nephrolepis_rivularis,10,nepriv,terrestrial,terrestrial,E1,NA,NA,NA,NA,NA,NA,NA,NA,NA,NA,NA,NA,NA,NA,NA,NA,0.1208,118.1,2.395649475,-0.851455766,-1.08,94.99145327,15.21953202,0.050154895,0.155497104,0.068278054,NA,NA
las_cruces,niphidium_crassifolium,1,nipcra,epiphyte,epiphyte,E1,242.41,7/11/2018,58,4.8,53.2,354.6666667,1.176666667,2018,53172.936,24241,0.053172936,2.19E-06,0.0485375,0.0121125,0.001175445,43.32634521,0.1422,242.41,11.41593683,-0.4011506,-0.481786286,96.92633549,10.77019207,0.074025161,0.248080547,0.275402245,0.0027,148.1481481
las_cruces,niphidium_crassifolium,2,nipcra,epiphyte,epiphyte,E1,169.71,7/11/2018,55.7,4.4,51.3,374,1.206666667,2018,35490.205,16971,0.035490205,2.09E-06,0.048514286,0.013671429,0.001323743,37.03703704,NA,NA,NA,NA,NA,NA,NA,NA,NA,NA,0.0106,37.73584906
las_cruces,niphidium_crassifolium,3,nipcra,epiphyte,epiphyte,E1,190.1,7/11/2018,41.5,1.5,40,513.3333333,1.426666667,2018,32760.803,19010,0.032760803,1.72E-06,0.042125,0.01325,0.0011215,66.38714186,NA,NA,NA,NA,NA,NA,NA,NA,NA,NA,0.005,72
las_cruces,niphidium_crassifolium,4,nipcra,epiphyte,epiphyte,E1,342.51,7/11/2018,76.4,3.6,72.8,458.3333333,1.34,2018,103172.792,34251,0.103172792,3.01E-06,0.0465,0.0155,0.00143525,46.82040531,NA,NA,NA,NA,NA,NA,NA,NA,NA,NA,0.0068,58.82352941
las_cruces,niphidium_crassifolium,5,nipcra,epiphyte,epiphyte,E1,405.23,7/11/2018,56.3,1.3,55,422.3333333,1.283333333,2018,99674.557,40523,0.099674557,2.46E-06,0.044125,0.01275,0.001126,69.18238994,NA,NA,NA,NA,NA,NA,NA,NA,NA,NA,0.006,66.66666667
las_cruces,niphidium_crassifolium,6,nipcra,epiphyte,epiphyte,E1,1129.83,7/11/2018,78,1.3,76.7,392.6666667,1.236666667,2018,173200.15,112983,0.17320015,1.53E-06,0.04375,0.013625,0.001191,53.80852551,NA,NA,NA,NA,NA,NA,NA,NA,NA,NA,0.0042,95.23809524
las_cruces,niphidium_crassifolium,7,nipcra,epiphyte,epiphyte,E1,134.86,7/11/2018,39.1,0,39.1,653,1.646666667,NA,NA,NA,NA,NA,NA,NA,NA,NA,0.2276,190.1,15.3918257,-0.621622402,-0.698939659,92.68722805,8.776471957,0.101582975,0.628091361,1.03998889,0.0033,121.2121212
las_cruces,niphidium_crassifolium,8,nipcra,epiphyte,epiphyte,E1,NA,NA,NA,NA,NA,NA,NA,NA,NA,NA,NA,NA,NA,NA,NA,NA,0.35,342.51,4.578982832,-0.791165135,-0.9598564,96.84933201,23.26505218,0.034803795,0.105132497,0.090472772,0.0058,68.96551724
las_cruces,niphidium_crassifolium,9,nipcra,epiphyte,epiphyte,E1,NA,NA,NA,NA,NA,NA,NA,NA,NA,NA,NA,NA,NA,NA,NA,NA,0.1419,405.23,10.47940778,-0.38662314,-0.472110065,98.32700097,17.78666442,0.043730289,0.079302812,0.089151239,NA,NA
las_cruces,niphidium_crassifolium,10,nipcra,epiphyte,epiphyte,E1,NA,NA,NA,NA,NA,NA,NA,NA,NA,NA,NA,NA,NA,NA,NA,NA,0.5484,1129.83,6.549467562,-0.287926748,-0.372270251,98.50133388,14.53358114,0.049495198,0.059480659,0.087413981,NA,NA
la_selva,oleandra_articulata,1,oleart,epiphyte,epiphyte,E1,108,7/19/2017,41,10,31,496,1.4,2017,28950,10800,0.02895,2.68E-06,0.036444444,0.010333333,0.000753111,123.3824186,0.1593,1091.4,3.075041489,-0.573906279,-0.636294481,97.6004878,18.92718072,0.046990495,0.220829483,0.011717105,0.024,2.083333333
la_selva,oleandra_articulata,2,oleart,epiphyte,epiphyte,E1,128,NA,NA,NA,NA,NA,NA,2017,25473,12800,0.025473,1.99E-06,0.037555556,0.010444444,0.000784222,NA,NA,NA,NA,NA,NA,NA,NA,NA,NA,NA,NA,NA
la_selva,oleandra_articulata,3,oleart,epiphyte,epiphyte,E1,117,NA,NA,NA,NA,NA,NA,2017,30763,11700,0.030763,2.63E-06,0.037666667,0.011,0.000831111,88.79964302,NA,NA,NA,NA,NA,NA,NA,NA,NA,NA,0.0106,47.16981132
la_selva,oleandra_articulata,3,oleart,epiphyte,epiphyte,E1,128,7/19/2017,51.5,11.2,40.3,357,1.18,NA,NA,NA,NA,NA,0.037666667,0.011,0.000831111,88.79964302,NA,NA,NA,NA,NA,NA,NA,NA,NA,NA,0.0106,47.16981132
la_selva,oleandra_articulata,4,oleart,epiphyte,epiphyte,E1,87,NA,NA,NA,NA,NA,NA,2017,26374,8700,0.026374,3.03E-06,0.040555556,0.009888889,0.000801556,NA,NA,NA,NA,NA,NA,NA,NA,NA,NA,NA,NA,NA
la_selva,oleandra_articulata,5,oleart,epiphyte,epiphyte,E1,69,NA,NA,NA,NA,NA,NA,2017,11955,6900,0.011955,1.73E-06,0.040222222,0.010555556,0.000848222,113.1191432,NA,NA,NA,NA,NA,NA,NA,NA,NA,NA,0.0133,3.759398496
la_selva,oleandra_articulata,5,oleart,epiphyte,epiphyte,E1,117,7/19/2017,50.3,8.5,41.8,236,0.99,NA,NA,NA,NA,NA,0.040222222,0.010555556,0.000848222,113.1191432,NA,NA,NA,NA,NA,NA,NA,NA,NA,NA,0.0133,3.759398496
la_selva,oleandra_articulata,6,oleart,epiphyte,epiphyte,E1,65,NA,NA,NA,NA,NA,NA,2017,9390,6500,0.00939,1.44E-06,0.040222222,0.011,0.000885556,125.8366801,NA,NA,NA,NA,NA,NA,NA,NA,NA,NA,0.0245,2.040816327
la_selva,oleandra_articulata,6,oleart,epiphyte,epiphyte,E1,87,7/19/2017,42.8,9.8,33,300,1.09,NA,NA,NA,NA,NA,0.040222222,0.011,0.000885556,125.8366801,NA,NA,NA,NA,NA,NA,NA,NA,NA,NA,0.0245,2.040816327
la_selva,oleandra_articulata,7,oleart,epiphyte,epiphyte,E1,69,7/19/2017,46.5,11.5,35,382,1.22,NA,NA,NA,NA,NA,NA,NA,NA,119.1432396,0.2095,908.8,2.865390369,-0.851000925,-1.0058294,89.65527961,8.824648628,0.09682686,0.446844769,0.035532261,0.0145,3.448275862
la_selva,oleandra_articulata,8,oleart,epiphyte,epiphyte,E1,65,7/19/2017,32.7,11,21.7,268,1.04,NA,NA,NA,NA,NA,NA,NA,NA,NA,NA,NA,NA,NA,NA,NA,NA,NA,NA,NA,NA,NA
la_selva,oleandra_articulata,9,oleart,epiphyte,epiphyte,E1,NA,NA,NA,NA,NA,NA,NA,NA,NA,NA,NA,NA,NA,NA,NA,NA,0.1757,603.9,3.059055606,-0.62191086,-0.806941426,94.08790982,10.56415463,0.072423628,0.202410495,0.035809798,NA,NA
la_selva,oleandra_articulata,10,oleart,epiphyte,epiphyte,E1,NA,NA,NA,NA,NA,NA,NA,NA,NA,NA,NA,NA,NA,NA,NA,NA,0.0793,517.3,2.769044781,-1.105445709,-1.418152295,86.98216253,8.27980922,0.092609087,0.265314561,0.021839454,NA,NA
la_selva,oleandra_articulata,11,oleart,epiphyte,epiphyte,E1,NA,NA,NA,NA,NA,NA,NA,NA,NA,NA,NA,NA,NA,NA,NA,NA,0.1114,712.6,2.774768353,-0.965046157,-1.22,92.94450153,11.84835112,0.064555247,0.148368505,0.015556975,NA,NA
la_selva,oleandra_articulata,12,oleart,epiphyte,epiphyte,E1,NA,NA,NA,NA,NA,NA,NA,NA,NA,NA,NA,NA,NA,NA,NA,NA,0.1202,435.4,2.222120373,-1.133904977,-1.229115362,94.45940416,20.09455148,0.04577843,0.446947292,0.015601703,NA,NA
las_cruces,oleandra_costaricensis,1,olecos,terrestrial,terrestrial,E1,64.08,7/18/2018,25.2,2,23.2,308.6666667,1.13,NA,NA,NA,NA,NA,0.05175,0.01075,0.00111375,89.4479385,0.1403,64.08,2.821236522,-1.027602739,-1.120975213,97.67078571,36.93055699,0.024398904,0.175924642,0.083728339,0.0076,52.63157895
las_cruces,oleandra_costaricensis,2,olecos,terrestrial,terrestrial,E1,35.28,7/18/2018,19.9,0.9,19,429,1.303333333,2018,185652.602,3528,0.185652602,5.26E-05,0.04305,0.0094375,0.000814265,88.74912648,NA,NA,NA,NA,NA,NA,NA,NA,NA,NA,0.0057,70.1754386
las_cruces,oleandra_costaricensis,3,olecos,terrestrial,terrestrial,E1,27.36,7/18/2018,18.8,1,17.8,384.3333333,1.223333333,2018,196472.409,2736,0.196472409,7.18E-05,0.048625,0.01,0.000976,103.4241789,NA,NA,NA,NA,NA,NA,NA,NA,NA,NA,0.0089,44.94382022
las_cruces,oleandra_costaricensis,4,olecos,terrestrial,terrestrial,E1,31.31,7/18/2018,22.9,1.2,21.7,270.3333333,1.043333333,2018,264747.622,3131,0.264747622,8.46E-05,0.047125,0.010125,0.000955,118.7980433,NA,NA,NA,NA,NA,NA,NA,NA,NA,NA,0.0074,54.05405405
las_cruces,oleandra_costaricensis,5,olecos,terrestrial,terrestrial,E1,66.8,7/18/2018,26.9,1.8,25.1,312.3333333,1.11,NA,NA,NA,NA,NA,0.049375,0.010625,0.00104925,96.4360587,0.1314,35.28,3.861669724,-1.020443207,-1.21835799,96.56629912,26.82968565,0.030660302,0.120069842,0.244988575,0.008,50
las_cruces,oleandra_costaricensis,6,olecos,terrestrial,terrestrial,E1,38.5,7/18/2018,21.9,1.9,20,361.3333333,1.186666667,2018,93798.864,3850,0.093798864,2.44E-05,0.04775,0.0115,0.001099,77.56813417,NA,NA,NA,NA,NA,NA,NA,NA,NA,NA,0.007,57.14285714
las_cruces,oleandra_costaricensis,7,olecos,terrestrial,terrestrial,E1,40.44,7/18/2018,18.9,1.4,17.5,NA,NA,2018,139010.784,4044,0.139010784,3.44E-05,NA,NA,NA,NA,0.1379,27.36,4.295404923,-1.055182836,-1.203027574,97.84137186,46.23206483,0.018801428,0.080631505,0.226136478,NA,NA
las_cruces,oleandra_costaricensis,8,olecos,terrestrial,terrestrial,E1,23.37,7/18/2018,16.9,0.9,16,NA,NA,2018,131349.959,2337,0.131349959,5.62E-05,NA,NA,NA,NA,0.079,31.31,3.832264493,-0.856258945,-1.113184453,97.01108902,24.34405486,0.030073208,0.062779944,0.161549922,NA,NA
las_cruces,oleandra_costaricensis,9,olecos,terrestrial,terrestrial,E1,NA,NA,NA,NA,NA,NA,NA,NA,NA,NA,NA,NA,NA,NA,NA,NA,0.1943,66.8,2.716680628,-1.141991913,-1.403063136,96.56133181,32.57211942,0.024531192,0.097083729,0.107691411,NA,NA
las_cruces,oleandra_costaricensis,10,olecos,terrestrial,terrestrial,E1,NA,NA,NA,NA,NA,NA,NA,NA,NA,NA,NA,NA,NA,NA,NA,NA,0.1647,38.5,3.21623513,-0.935273058,-1.146376129,96.50491993,24.05836708,0.033089485,0.109107151,0.252928727,NA,NA
las_cruces,olfersia_cervina,1,olfcer,terrestrial,terrestrial,E1,2121.5,7/15/2018,146.8,74.3,72.5,712,1.74,NA,NA,NA,NA,NA,0.045,0.01325,0.0011955,95.03843466,NA,NA,NA,NA,NA,NA,NA,NA,NA,NA,0.007,57.14285714
las_cruces,olfersia_cervina,2,olfcer,terrestrial,terrestrial,E1,1725.7,7/15/2018,132.2,61.8,70.4,800.6666667,1.88,2018,823340.482,172570,0.823340482,4.77E-06,0.045625,0.01375,0.00125725,103.4241789,NA,NA,NA,NA,NA,NA,NA,NA,NA,NA,0.0116,34.48275862
las_cruces,olfersia_cervina,3,olfcer,terrestrial,terrestrial,E1,1834.45,7/15/2018,140.6,68.8,71.8,701.3333333,1.723333333,2018,628001.888,183445,0.628001888,3.42E-06,0.05,0.013375,0.0013395,90.14675052,NA,NA,NA,NA,NA,NA,NA,NA,NA,NA,0.0062,64.51612903
las_cruces,olfersia_cervina,4,olfcer,terrestrial,terrestrial,E1,1032.76,7/15/2018,110.2,59.6,50.6,593.6666667,1.553333333,2018,408442.094,103276,0.408442094,3.95E-06,0.04675,0.01275,0.001196,78.26694619,NA,NA,NA,NA,NA,NA,NA,NA,NA,NA,0.0072,55.55555556
las_cruces,olfersia_cervina,5,olfcer,terrestrial,terrestrial,E1,1477.15,7/15/2018,116.8,51,65.8,593.3333333,1.553333333,2018,896497.579,147715,0.896497579,6.07E-06,0.04725,0.01425,0.001348,79.66457023,0.9522,1725.7,2.234013421,-1.262292847,-1.356029074,97.75869869,47.18816884,0.019544678,0.152410383,0.013384577,0.0077,51.94805195
las_cruces,olfersia_cervina,6,olfcer,terrestrial,terrestrial,E1,1404.63,7/15/2018,113,50,63,528.3333333,1.45,2018,704968.516,140463,0.704968516,5.02E-06,0.050375,0.014375,0.0014495,65.68832984,NA,NA,NA,NA,NA,NA,NA,NA,NA,NA,0.0081,49.38271605
las_cruces,olfersia_cervina,7,olfcer,terrestrial,terrestrial,E1,1376.31,7/15/2018,139,68.8,70.2,714.3333333,1.743333333,2018,547602.018,137631,0.547602018,3.98E-06,NA,NA,NA,NA,1.0113,1834.45,2.672262651,-1.658584257,-1.738584075,96.38813353,48.31130963,0.019806741,0.331616483,0.016210402,NA,NA
las_cruces,olfersia_cervina,8,olfcer,terrestrial,terrestrial,E1,NA,NA,NA,NA,NA,NA,NA,NA,NA,NA,NA,NA,NA,NA,NA,NA,0.5603,1032.76,2.290100821,-1.255501204,-1.346204782,96.36100792,26.10199519,0.035139399,0.243638754,0.024254797,NA,NA
las_cruces,olfersia_cervina,9,olfcer,terrestrial,terrestrial,E1,NA,NA,NA,NA,NA,NA,NA,NA,NA,NA,NA,NA,NA,NA,NA,NA,0.828,1477.15,2.523185991,-1.228021392,-1.356559998,98.15967656,50.9284351,0.01749858,0.095664419,0.013749449,NA,NA
las_cruces,olfersia_cervina,10,olfcer,terrestrial,terrestrial,E1,NA,NA,NA,NA,NA,NA,NA,NA,NA,NA,NA,NA,NA,NA,NA,NA,0.7914,1404.63,2.522937909,-0.624033917,-0.718680247,99.00568298,51.37910027,0.016353898,0.044002012,0.012914853,NA,NA
las_cruces,olfersia_cervina,11,olfcer,terrestrial,terrestrial,E1,NA,NA,NA,NA,NA,NA,NA,NA,NA,NA,NA,NA,NA,NA,NA,NA,0.5939,1376.31,3.539097707,-0.795174014,-0.960693617,98.46231564,41.98374115,0.018981972,0.068539903,0.016104915,NA,NA
las_cruces,parapolystichum_excultum,1,parexc,terrestrial,terrestrial,E1,722.9,7/7/2018,96.6,43.7,52.9,418,1.276666667,2018,358159.043,72290,0.358159043,4.95E-06,0.037625,0.010125,0.00076275,60.7966457,0.1264,722.9,3.038765823,-1.204552137,-1.378544411,86.87841708,9.023821548,0.095291089,0.421918227,0.028128454,0.0525,7.619047619
las_cruces,parapolystichum_excultum,2,parexc,terrestrial,terrestrial,E1,1342.08,7/7/2018,123,57.3,65.7,470.6666667,1.36,2018,294913.845,134208,0.294913845,2.20E-06,0.0385,0.009875,0.00076025,58.70020964,NA,NA,NA,NA,NA,NA,NA,NA,NA,NA,0.0342,11.69590643
las_cruces,parapolystichum_excultum,3,parexc,terrestrial,terrestrial,E1,500.85,7/7/2018,76.6,30.1,46.5,401.6666667,1.25,NA,NA,NA,NA,NA,0.03775,0.008375,0.00063225,58.00139762,NA,NA,NA,NA,NA,NA,NA,NA,NA,NA,0.0385,10.38961039
las_cruces,parapolystichum_excultum,4,parexc,terrestrial,terrestrial,E1,1132.04,7/7/2018,121.9,50.4,71.5,420.3333333,1.28,2018,216187.231,113204,0.216187231,1.91E-06,0.04,0.009,0.000718,53.80852551,NA,NA,NA,NA,NA,NA,NA,NA,NA,NA,0.0324,12.34567901
las_cruces,parapolystichum_excultum,5,parexc,terrestrial,terrestrial,E1,649.77,7/7/2018,100,48.5,51.5,411.6666667,1.266666667,NA,NA,NA,NA,NA,0.037,0.00975,0.000722,58.00139762,NA,NA,NA,NA,NA,NA,NA,NA,NA,NA,0.0324,12.34567901
las_cruces,parapolystichum_excultum,6,parexc,terrestrial,terrestrial,E1,524.28,7/7/2018,102.1,50.4,51.7,570.3333333,1.516666667,2018,115342.23,52428,0.11534223,2.20E-06,0.038,0.01,0.00076,63.59189378,NA,NA,NA,NA,NA,NA,NA,NA,NA,NA,0.0788,5.076142132
las_cruces,parapolystichum_excultum,7,parexc,terrestrial,terrestrial,E1,402.58,7/7/2018,81.6,36.3,45.3,488.3333333,1.386666667,2018,85572.235,40258,0.085572235,2.13E-06,0.04,0.009625,0.00076925,NA,0.2473,500.85,3.026699097,-1.159440157,-1.392643401,85.66435519,7.708086903,0.104487207,0.358283171,0.086751362,0.0289,13.84083045
las_cruces,parapolystichum_excultum,8,parexc,terrestrial,terrestrial,E1,256.27,NA,NA,NA,NA,NA,NA,2018,76652.659,25627,0.076652659,2.99E-06,NA,NA,NA,NA,0.1183,1132.04,4.304054313,-0.89359969,-1.073799574,84.47086759,5.525241833,0.145311912,0.540836677,0.036310266,NA,NA
las_cruces,parapolystichum_excultum,9,parexc,terrestrial,terrestrial,E1,NA,NA,NA,NA,NA,NA,NA,NA,NA,NA,NA,NA,NA,NA,NA,NA,0.2045,649.77,2.624153689,-1.310259771,-1.48127458,89.57597478,12.27556439,0.071244047,0.417572557,0.032688802,NA,NA
las_cruces,parapolystichum_excultum,10,parexc,terrestrial,terrestrial,E1,NA,NA,NA,NA,NA,NA,NA,NA,NA,NA,NA,NA,NA,NA,NA,NA,0.3485,524.28,2.061127511,-1.218627889,-1.425573712,91.01313191,12.63041172,0.066558361,0.271069723,0.050661082,NA,NA
las_cruces,parapolystichum_excultum,11,parexc,terrestrial,terrestrial,E1,NA,NA,NA,NA,NA,NA,NA,NA,NA,NA,NA,NA,NA,NA,NA,NA,0.1766,402.58,4.090080448,-0.932752475,-0.996258773,95.10483105,19.29293424,0.048524812,0.630969262,0.048368399,NA,NA
las_cruces,parapolystichum_excultum,12,parexc,terrestrial,terrestrial,E1,NA,NA,NA,NA,NA,NA,NA,NA,NA,NA,NA,NA,NA,NA,NA,NA,0.2742,753.5,3.202666711,-1.014516331,-1.123092736,94.12173714,17.32316416,0.052007076,0.436430362,0.033673315,NA,NA
la_selva,pecluma_pectinata,1,pecpec,epiphyte,epiphyte,E1,57,7/18/2017,27,4,23,300,1.09,NA,NA,NA,NA,NA,0.038,0.0106875,0.00081365,34.00885162,0.1483,143.5,1.900382061,-1.246892142,-1.46541614,96.61967405,30.83909884,0.026756495,0.074532042,0.029193549,0.0134,29.85074627
la_selva,pecluma_pectinata,2,pecpec,epiphyte,epiphyte,E1,108.3,7/18/2017,45.9,7.5,38.4,351,1.17,NA,NA,NA,NA,NA,0.0365375,0.0101625,0.000741243,33.3100396,NA,NA,NA,NA,NA,NA,NA,NA,NA,NA,0.016,31.25
la_selva,pecluma_pectinata,3,pecpec,epiphyte,epiphyte,E1,220.3,7/18/2017,67.8,10.5,57.3,503,1.41,NA,NA,NA,NA,NA,0.039375,0.0108375,0.000855745,34.94060098,NA,NA,NA,NA,NA,NA,NA,NA,NA,NA,0.0098,51.02040816
la_selva,pecluma_pectinata,4,pecpec,epiphyte,epiphyte,E1,97.3,7/18/2017,43.3,4.8,38.5,490,1.39,NA,NA,NA,NA,NA,NA,NA,NA,35.91893781,NA,NA,NA,NA,NA,NA,NA,NA,NA,NA,0.0083,60.24096386
la_selva,pecluma_pectinata,5,pecpec,epiphyte,epiphyte,E1,161.7,7/18/2017,49.6,5.5,44.1,338,1.15,NA,NA,NA,NA,NA,NA,NA,NA,33.40321454,0.1187,104.6,3.808636785,-1.387823347,-1.761345864,96.68531799,36.78383457,0.020725963,0.043488325,0.049765779,0.0328,2.652439024
la_selva,pecluma_pectinata,6,pecpec,epiphyte,epiphyte,E1,111,7/18/2017,61.5,8.5,53,376,1.21,NA,NA,NA,NA,NA,NA,NA,NA,37.40973678,NA,NA,NA,NA,NA,NA,NA,NA,NA,NA,0.0224,3.892857143
la_selva,pecluma_pectinata,7,pecpec,epiphyte,epiphyte,E1,NA,NA,NA,NA,NA,NA,NA,NA,NA,NA,NA,NA,NA,NA,NA,NA,0.2497,110.9,1.745479318,-1.469571977,-1.797877612,94.94175093,24.88496958,0.031805911,0.08160967,0.069444368,NA,NA
la_selva,pecluma_pectinata,8,pecpec,epiphyte,epiphyte,E1,NA,NA,NA,NA,NA,NA,NA,NA,NA,NA,NA,NA,NA,NA,NA,NA,0.1553,138.4,1.729549131,-1.104527922,-1.276523115,96.05397607,28.3271038,0.030390537,0.133172475,0.032766808,NA,NA
la_selva,pecluma_pectinata,9,pecpec,epiphyte,epiphyte,E1,NA,NA,NA,NA,NA,NA,NA,NA,NA,NA,NA,NA,NA,NA,NA,NA,0.1528,111.4,3.548269027,-0.696426144,-0.840529012,96.99811092,21.26738296,0.037791805,0.12727788,0.102183278,NA,NA
la_selva,pecluma_pectinata,10,pecpec,epiphyte,epiphyte,E1,42.2,7/18/2017,38,6,32,NA,NA,NA,NA,NA,NA,NA,NA,NA,NA,NA,0.113,118.1,3.939196485,-0.777852631,-1.030728501,90.69276909,7.893507732,0.092574418,0.222841684,0.193845032,NA,NA
la_selva,phlebodium_aureum,1,phlaur,epiphyte,epiphyte,E1,995.77,7/4/2017,91.5,41.5,50,281,1.06,2019,144239.28,99577,0.14423928,1.45E-06,0.041222222,0.014666667,0.001210889,38.82403805,NA,NA,NA,NA,NA,NA,NA,NA,NA,NA,0.0041,121.9512195
la_selva,phlebodium_aureum,2,phlaur,epiphyte,epiphyte,E1,403.8,7/4/2017,64.7,31.3,33.4,332,1.14,2019,142750.75,40380,0.14275075,3.54E-06,0.04025,0.0145,0.00116775,39.04020752,NA,NA,NA,NA,NA,NA,NA,NA,NA,NA,0.0042,119.047619
la_selva,phlebodium_aureum,3,phlaur,epiphyte,epiphyte,E1,133.1,7/4/2017,73.8,40.1,33.7,268,1.04,2019,220483.021,13310,0.220483021,1.66E-05,0.042333333,0.014333333,0.001215556,53.00475573,NA,NA,NA,NA,NA,NA,NA,NA,NA,NA,0.0063,79.36507937
la_selva,phlebodium_aureum,4,phlaur,epiphyte,epiphyte,E1,282.9,7/4/2017,64.3,36.9,27.4,477,1.37,2019,240840.846,28290,0.240840846,8.51E-06,0.043,0.015285714,0.001314857,43.19066148,0.7227,995.77,3.637363213,-0.692696284,-0.790076846,96.28631785,19.35317895,0.045327982,0.250211821,0.066478248,0.0057,87.71929825
la_selva,phlebodium_aureum,5,phlaur,epiphyte,epiphyte,E1,1174.2,7/4/2017,123.5,49.2,74.3,332,1.14,2019,236761.321,117420,0.236761321,2.02E-06,0.041428571,0.014,0.001162857,41.80717683,NA,NA,NA,NA,NA,NA,NA,NA,NA,NA,0.0058,86.20689655
la_selva,phlebodium_aureum,6,phlaur,epiphyte,epiphyte,E1,1106.6,7/4/2017,97.5,28.5,69,363,1.19,2019,125731.458,110660,0.125731458,1.14E-06,0.0385,0.015166667,0.001164333,43.9688716,0.3456,403.8,5.07966821,-0.653688016,-0.702130866,98.91011279,59.59964358,0.015569817,0.167813493,0.037605709,0.0072,69.44444444
la_selva,phlebodium_aureum,7,phlaur,epiphyte,epiphyte,E1,755.3,7/4/2017,104.5,40.4,64.1,NA,NA,NA,NA,NA,NA,NA,0.039333333,0.015444444,0.001218,42.974492,NA,NA,NA,NA,NA,NA,NA,NA,NA,NA,0.0047,106.3829787
la_selva,phlebodium_aureum,8,phlaur,epiphyte,epiphyte,E1,707.1,7/4/2017,98.2,48.4,49.8,NA,NA,NA,NA,NA,NA,NA,0.042888889,0.013888889,0.001195111,28.83700821,NA,NA,NA,NA,NA,NA,NA,NA,NA,NA,0.0045,111.1111111
la_selva,phlebodium_aureum,9,phlaur,epiphyte,epiphyte,E1,NA,NA,NA,NA,NA,NA,NA,NA,NA,NA,NA,NA,0.043333333,0.014666667,0.001271778,NA,NA,NA,NA,NA,NA,NA,NA,NA,NA,NA,NA,NA
la_selva,phlebodium_aureum,10,phlaur,epiphyte,epiphyte,E1,NA,NA,NA,NA,NA,NA,NA,NA,NA,NA,NA,NA,0.038571429,0.013428571,0.001037143,NA,NA,NA,NA,NA,NA,NA,NA,NA,NA,NA,NA,NA
la_selva,phlebodium_aureum,12,phlaur,epiphyte,epiphyte,E1,NA,NA,NA,NA,NA,NA,NA,NA,NA,NA,NA,NA,NA,NA,NA,NA,0.5816,707.1,3.260187401,-0.559070028,-0.634122453,97.05713275,18.24291723,0.047865915,0.20830046,0.050132328,NA,NA
la_selva,pleopeltis_bradeorum,1,plebra,hemi-epiphyte,hemi-epiphyte,E1,99.4,7/20/2017,36,9.2,26.8,680,1.09,2017,16045,9940,0.016045,1.61E-06,NA,NA,NA,14.94868362,0.1609,99.4,3.224122677,-1.159188902,-1.400585806,94.03167962,18.46567728,0.044042691,0.138039038,0.127697548,0.0102,49.01960784
la_selva,pleopeltis_bradeorum,2,plebra,hemi-epiphyte,hemi-epiphyte,E1,146,7/20/2017,43.6,14.5,29.1,636,1.62,2017,37211,14600,0.037211,2.55E-06,NA,NA,NA,13.38688086,NA,NA,NA,NA,NA,NA,NA,NA,NA,NA,0.0077,64.93506494
la_selva,pleopeltis_bradeorum,3,plebra,hemi-epiphyte,hemi-epiphyte,E1,109,7/20/2017,39.4,12.5,26.9,585,1.54,2017,17111,10900,0.017111,1.57E-06,NA,NA,NA,9.817045962,NA,NA,NA,NA,NA,NA,NA,NA,NA,NA,0.0051,98.03921569
la_selva,pleopeltis_bradeorum,4,plebra,hemi-epiphyte,hemi-epiphyte,E1,141,7/20/2017,46,14.8,31.2,668,1.67,2017,18778,14100,0.018778,1.33E-06,NA,NA,NA,15.84114235,NA,NA,NA,NA,NA,NA,NA,NA,NA,NA,0.0067,74.62686567
la_selva,pleopeltis_bradeorum,5,plebra,hemi-epiphyte,hemi-epiphyte,E1,137,7/20/2017,31.1,10.6,20.5,642,1.63,2017,16266,13700,0.016266,1.19E-06,NA,NA,NA,12.22668452,0.1557,146,5.091318761,-0.839096944,-0.919094102,94.86345533,16.17443053,0.056221726,0.544421832,0.169589013,0.0096,52.08333333
la_selva,pleopeltis_bradeorum,6,plebra,hemi-epiphyte,hemi-epiphyte,E1,61,7/20/2017,24.4,6,18.4,332,1.14,2017,11954,6100,0.011954,1.96E-06,NA,NA,NA,10.75412762,NA,NA,NA,NA,NA,NA,NA,NA,NA,NA,0.0137,36.49635036
la_selva,pleopeltis_bradeorum,7,plebra,hemi-epiphyte,hemi-epiphyte,E1,NA,NA,NA,NA,NA,NA,NA,NA,NA,NA,NA,NA,NA,NA,NA,NA,0.1083,109,6.008308005,-0.851273812,-0.934572303,92.62336333,12.07982783,0.075877015,0.668256609,0.25164707,NA,NA
la_selva,pleopeltis_bradeorum,8,plebra,hemi-epiphyte,hemi-epiphyte,E1,NA,NA,NA,NA,NA,NA,NA,NA,NA,NA,NA,NA,NA,NA,NA,NA,0.1234,141,5.302283223,-0.840212508,-0.93938337,94.14616426,13.42803345,0.065845173,0.427669551,0.169750244,NA,NA
la_selva,pleopeltis_bradeorum,9,plebra,hemi-epiphyte,hemi-epiphyte,E1,NA,NA,NA,NA,NA,NA,NA,NA,NA,NA,NA,NA,NA,NA,NA,NA,0.162,137,3.482937924,-0.903993384,-1.251443432,93.61332007,13.07928329,0.053049122,0.084058869,0.121379648,NA,NA
la_selva,polybotrya_osmundacea,1,polosm,hemi-epiphyte,climber,E1,1519.7,7/8/2017,99,19.2,79.8,534,1.46,2019,222102.608,151970,0.222102608,1.46E-06,0.051222222,0.013222222,0.001360667,44.74708171,0.4614,1519.7,2.565564624,-1.139052611,-1.231877443,96.98826002,38.58124484,0.024030273,0.202944368,0.010398936,0.0055,90.90909091
la_selva,polybotrya_osmundacea,2,polosm,hemi-epiphyte,climber,E1,1314.8,7/8/2017,110,31.4,78.6,617,1.59,2019,156353.584,131480,0.156353584,1.19E-06,0.049444444,0.013666667,0.001351333,40.72632944,NA,NA,NA,NA,NA,NA,NA,NA,NA,NA,0.0065,76.92307692
la_selva,polybotrya_osmundacea,3,polosm,hemi-epiphyte,climber,E1,1075.7,7/8/2017,95.1,24.4,70.7,604,1.57,2019,308399.947,107570,0.308399947,2.87E-06,0.049333333,0.013888889,0.001370889,38.56463467,NA,NA,NA,NA,NA,NA,NA,NA,NA,NA,0.008,62.5
la_selva,polybotrya_osmundacea,4,polosm,hemi-epiphyte,climber,E1,1292.2,7/8/2017,92.7,27.5,65.2,541,1.57,2019,114951.064,129220,0.114951064,8.90E-07,0.045888889,0.012666667,0.001163778,49.07047125,NA,NA,NA,NA,NA,NA,NA,NA,NA,NA,0.0053,94.33962264
la_selva,polybotrya_osmundacea,5,polosm,hemi-epiphyte,climber,E1,1002.6,7/8/2017,97.4,37.7,59.7,572,1.47,2019,147726.398,100260,0.147726398,1.47E-06,0.051555556,0.013111111,0.001347111,47.34111543,0.5936,1314.8,2.475570253,-1.148557614,-1.229783726,97.74763279,42.21667019,0.021867788,0.180717042,0.013578187,0.006,83.33333333
la_selva,polybotrya_osmundacea,6,polosm,hemi-epiphyte,climber,E1,1073.3,7/8/2017,89.7,20.6,69.1,553,1.49,2019,134470.168,107330,0.134470168,1.25E-06,0.046625,0.01275,0.0011885,39.38607869,NA,NA,NA,NA,NA,NA,NA,NA,NA,NA,0.0053,94.33962264
la_selva,polybotrya_osmundacea,7,polosm,hemi-epiphyte,climber,E1,NA,NA,NA,NA,NA,NA,NA,NA,NA,NA,NA,NA,NA,NA,NA,NA,0.5991,1075.7,2.745443034,-1.095065895,-1.233051551,95.74445904,27.6007882,0.032663817,0.222409881,0.027746935,NA,NA
la_selva,polybotrya_osmundacea,8,polosm,hemi-epiphyte,climber,E1,NA,NA,NA,NA,NA,NA,NA,NA,NA,NA,NA,NA,NA,NA,NA,NA,0.4963,1292.2,2.899228841,-1.097136547,-1.150537596,97.3877541,34.47850776,0.024779195,0.299748593,0.015328926,NA,NA
la_selva,polybotrya_osmundacea,9,polosm,hemi-epiphyte,climber,E1,NA,NA,NA,NA,NA,NA,NA,NA,NA,NA,NA,NA,NA,NA,NA,NA,0.519,1002.6,3.640866692,-1.148134181,-1.189186793,96.2526754,27.55552815,0.031937646,0.581832254,0.033440659,NA,NA
la_selva,polybotrya_osmundacea,10,polosm,hemi-epiphyte,climber,E1,NA,NA,NA,NA,NA,NA,NA,NA,NA,NA,NA,NA,NA,NA,NA,NA,0.482,1073.3,2.896804655,-1.327600804,-1.451139333,94.61705898,26.82127265,0.034488285,0.315384825,0.024925519,NA,NA
la_selva,salpichlaena_volubilis,1,salvol,terrestrial,terrestrial,E2,468,7/11/2017,81,45,36,477,1.37,2017,224482.395,46800,0.224482395,4.80E-06,0.058444444,0.009777778,0.001144,18.98148148,0.5986,468,3.180866466,-0.913083957,-1.029400217,96.49872203,25.03150905,0.03501278,0.207254687,0.079138968,0.0062,80.64516129
la_selva,salpichlaena_volubilis,2,salvol,terrestrial,terrestrial,E2,576,7/11/2017,63,24,39,579,1.53,2017,270082.527,57600,0.270082527,4.69E-06,0.060333333,0.010222222,0.001244,20.37037037,NA,NA,NA,NA,NA,NA,NA,NA,NA,NA,0.0079,63.29113924
la_selva,salpichlaena_volubilis,3,salvol,terrestrial,terrestrial,E2,370,7/11/2017,60,30,30,649,1.64,2017,295716.262,37000,0.295716262,7.99E-06,0.058555556,0.010555556,0.001234667,24.07407407,NA,NA,NA,NA,NA,NA,NA,NA,NA,NA,0.0069,72.46376812
la_selva,salpichlaena_volubilis,4,salvol,terrestrial,terrestrial,E2,460,7/11/2017,58,23,35,496,1.4,2017,204644.752,46000,0.204644752,4.45E-06,0.064555556,0.011555556,0.001492444,26.25,NA,NA,NA,NA,NA,NA,NA,NA,NA,NA,0.0078,64.1025641
la_selva,salpichlaena_volubilis,5,salvol,terrestrial,terrestrial,E2,429,7/11/2017,NA,NA,NA,528,1.45,2017,396191.791,42900,0.396191791,9.24E-06,0.056222222,0.010666667,0.001198444,NA,0.9144,576,2.962953755,-0.644415056,-0.83685249,93.55467066,9.297692068,0.079492506,0.182172685,0.207726686,0.0063,79.36507937
la_selva,salpichlaena_volubilis,6,salvol,terrestrial,terrestrial,E2,408,7/11/2017,NA,NA,NA,465,1.35,2017,320710.762,40800,0.320710762,7.86E-06,0.062777778,0.010777778,0.001357333,NA,NA,NA,NA,NA,NA,NA,NA,NA,NA,NA,0.0063,79.36507937
la_selva,salpichlaena_volubilis,7,salvol,terrestrial,terrestrial,E2,NA,NA,NA,NA,NA,NA,NA,NA,NA,NA,NA,NA,NA,NA,NA,NA,0.5882,370,3.308992927,-0.809773377,-1.241089678,94.76714575,14.1163555,0.043338401,0.061565372,0.126654175,NA,NA
la_selva,salpichlaena_volubilis,8,salvol,terrestrial,terrestrial,E2,NA,NA,NA,NA,NA,NA,NA,NA,NA,NA,NA,NA,NA,NA,NA,NA,0.4261,460,2.873413026,-1.139406749,-1.23353493,95.25783028,23.91493313,0.038554225,0.380935694,0.057010025,NA,NA
la_selva,salpichlaena_volubilis,9,salvol,terrestrial,terrestrial,E2,NA,NA,NA,NA,NA,NA,NA,NA,NA,NA,NA,NA,NA,NA,NA,NA,0.7331,429,2.646228345,-0.834889249,-0.963378246,96.5901183,24.69672843,0.034794711,0.150165628,0.087412587,NA,NA
la_selva,salpichlaena_volubilis,10,salvol,terrestrial,terrestrial,E2,NA,NA,NA,NA,NA,NA,NA,NA,NA,NA,NA,NA,NA,NA,NA,NA,0.6498,408,3.546141702,-1.003643275,-1.108758389,97.34915889,35.73634314,0.025160829,0.15792183,0.078945625,NA,NA
las_cruces,serpocaulon_fraxinifolium,1,serfra,epiphyte,epiphyte,E1,697.63,7/6/2018,71.5,30.7,40.8,572,1.44,2018,106433.258,69763,0.106433258,1.53E-06,0.045625,0.014,0.001282,70.58001398,0.3604,697.63,2.947331778,-0.772604792,-1.071779829,96.06781677,17.49067357,0.038147573,0.0659596,0.032268819,0.0063,63.49206349
las_cruces,serpocaulon_fraxinifolium,2,serfra,epiphyte,epiphyte,E1,420.12,7/6/2018,55.3,24.3,31,756,1.81,2018,109347.611,42012,0.109347611,2.60E-06,0.042625,0.012,0.0010275,62.19426974,NA,NA,NA,NA,NA,NA,NA,NA,NA,NA,0.0086,46.51162791
las_cruces,serpocaulon_fraxinifolium,3,serfra,epiphyte,epiphyte,E1,377.16,7/6/2018,44.1,15,29.1,446,1.32,2018,119499.466,37716,0.119499466,3.17E-06,0.049125,0.015,0.00149325,69.88120196,NA,NA,NA,NA,NA,NA,NA,NA,NA,NA,0.007,57.14285714
las_cruces,serpocaulon_fraxinifolium,4,serfra,epiphyte,epiphyte,E1,262.47,7/6/2018,57,21.7,35.3,636,1.62,NA,NA,NA,NA,NA,0.0445,0.012375,0.00111,86.65269043,NA,NA,NA,NA,NA,NA,NA,NA,NA,NA,0.0086,46.51162791
las_cruces,serpocaulon_fraxinifolium,5,serfra,epiphyte,epiphyte,E1,629.7,7/6/2018,57.7,21.3,36.4,496,1.4,NA,NA,NA,NA,NA,0.048125,0.01275,0.001229,67.7847659,0.6321,420.12,2.393242385,-0.624223106,-1.195004789,93.50075634,6.899200573,0.05692686,0.045770556,0.113879053,0.0048,83.33333333
las_cruces,serpocaulon_fraxinifolium,6,serfra,epiphyte,epiphyte,E1,296.83,7/6/2018,39.5,16.9,22.6,490,1.39,2018,154898.855,29683,0.154898855,5.22E-06,0.05,0.012125,0.00121075,58.00139762,NA,NA,NA,NA,NA,NA,NA,NA,NA,NA,0.0066,60.60606061
las_cruces,serpocaulon_fraxinifolium,7,serfra,epiphyte,epiphyte,E1,NA,NA,NA,NA,NA,NA,NA,NA,NA,NA,NA,NA,NA,NA,NA,NA,0.3883,377.16,3.251959496,-0.973634198,-1.201780408,95.6296583,20.01253331,0.039458943,0.110296393,0.073393877,NA,NA
las_cruces,serpocaulon_fraxinifolium,8,serfra,epiphyte,epiphyte,E1,256.27,7/6/2018,40.8,13.6,27.2,566,1.5,NA,NA,NA,NA,NA,NA,NA,NA,NA,0.412,262.47,3.772065428,-0.620264961,-0.705759966,99.16408006,60.29255462,0.042600758,0.038994372,0.140133374,NA,NA
las_cruces,serpocaulon_fraxinifolium,9,serfra,epiphyte,epiphyte,E1,320.96,7/6/2018,NA,NA,NA,NA,NA,2018,100744.563,32096,0.100744563,3.14E-06,NA,NA,NA,NA,0.4196,629.7,3.449793138,-0.265739481,-0.560432451,96.40884226,4.329010374,0.082529834,0.027209268,0.105398227,NA,NA
las_cruces,serpocaulon_fraxinifolium,10,serfra,epiphyte,epiphyte,E1,394.84,7/6/2018,NA,NA,NA,NA,NA,2018,169679.535,39484,0.169679535,4.30E-06,NA,NA,NA,NA,0.2736,296.83,3.623044493,-0.762557639,-0.991080809,95.95819742,17.3928485,0.042619618,0.11183181,0.079071325,NA,NA
las_cruces,serpocaulon_fraxinifolium,11,serfra,epiphyte,epiphyte,E1,NA,NA,NA,NA,NA,NA,NA,NA,NA,NA,NA,NA,NA,NA,NA,NA,0.8126,320.96,3.199554299,-0.414704406,-0.620260413,97.89966502,14.7493368,0.041500845,0.029180273,0.186766863,NA,NA
la_selva,serpocaulon_loriciforme,1,serlor,epiphyte,epiphyte,E1,NA,NA,NA,NA,NA,NA,NA,NA,NA,NA,NA,NA,0.039,0.012,0.000936667,NA,NA,NA,NA,NA,NA,NA,NA,NA,NA,NA,NA,NA
la_selva,serpocaulon_loriciforme,2,serlor,epiphyte,epiphyte,E1,NA,NA,NA,NA,NA,NA,NA,NA,NA,NA,NA,NA,0.042777778,0.010777778,0.000924,NA,0.0887,192.8,6.049490497,-0.628524276,-0.717027198,91.46651567,7.167571853,0.121433841,0.504444753,0.187759801,NA,NA
la_selva,serpocaulon_loriciforme,3,serlor,epiphyte,epiphyte,E1,172.7,7/8/2017,45.5,4.7,40.8,243,1,NA,NA,NA,NA,0.042777778,0.012,0.001027333,NA,NA,0.1023,190.7,5.756412466,-0.744132727,-0.85095248,91.00310663,7.334095932,0.116942233,0.435328349,0.200620692,0.0032,62.5
la_selva,serpocaulon_loriciforme,4,serlor,epiphyte,epiphyte,E1,154.5,7/8/2017,63.6,8.6,55,294,1.08,NA,NA,NA,NA,NA,0.040888889,0.012888889,0.001056444,56.01851852,NA,NA,NA,NA,NA,NA,NA,NA,NA,NA,0.0053,37.73584906
la_selva,serpocaulon_loriciforme,5,serlor,epiphyte,epiphyte,E1,NA,NA,NA,NA,NA,NA,NA,NA,NA,NA,NA,NA,0.043888889,0.012,0.001051778,49.07407407,NA,NA,NA,NA,NA,NA,NA,NA,NA,NA,NA,NA
la_selva,serpocaulon_loriciforme,6,serlor,epiphyte,epiphyte,E1,274.6,7/8/2017,56.6,9.9,46.7,338,1.15,NA,NA,NA,NA,NA,0.044,0.013111111,0.001155333,39.12037037,NA,NA,NA,NA,NA,NA,NA,NA,NA,NA,0.0044,45.45454545
la_selva,serpocaulon_loriciforme,7,serlor,epiphyte,epiphyte,E1,NA,NA,NA,NA,NA,NA,NA,NA,NA,NA,NA,NA,NA,NA,NA,NA,0.0713,172.7,6.396639392,-0.542669242,-0.690124144,86.76102061,3.611064421,0.206922537,0.375592675,0.303587824,NA,NA
la_selva,serpocaulon_loriciforme,8,serlor,epiphyte,epiphyte,E1,NA,NA,NA,NA,NA,NA,NA,NA,NA,NA,NA,NA,NA,NA,NA,NA,0.0655,154.5,5.643567575,-0.596143455,-0.639312201,95.765313,13.85555351,0.067192353,0.780875502,0.089312839,NA,NA
la_selva,serpocaulon_loriciforme,9,serlor,epiphyte,epiphyte,E1,225.8,7/8/2017,53.5,7.3,46.2,224,0.97,NA,NA,NA,NA,NA,NA,NA,NA,44.44444444,NA,NA,NA,NA,NA,NA,NA,NA,NA,NA,0.0043,46.51162791
la_selva,serpocaulon_loriciforme,10,serlor,epiphyte,epiphyte,E1,192.8,7/8/2017,63,9.2,53.8,281,1.06,NA,NA,NA,NA,NA,NA,NA,NA,37.73148148,0.1308,274.6,5.69968894,-0.59771493,-0.675357612,92.17735714,7.473966353,0.117533601,0.458358315,0.177275167,0.0044,45.45454545
la_selva,serpocaulon_loriciforme,12,serlor,epiphyte,epiphyte,E1,190.7,7/8/2017,55.5,6.4,49.1,313,1.11,NA,NA,NA,NA,NA,NA,NA,NA,48.7962963,NA,NA,NA,NA,NA,NA,NA,NA,NA,NA,0.0036,55.55555556
la_selva,serpocaulon_loriciforme,13,serlor,epiphyte,epiphyte,E1,NA,NA,NA,NA,NA,NA,NA,NA,NA,NA,NA,NA,NA,NA,NA,NA,0.1679,225.8,5.416496274,-0.65043875,-0.7017961,94.61973552,12.32266626,0.075339516,0.505023718,0.168575916,NA,NA
las_cruces,serpocaulon_triseriale,1,sertri,epiphyte,epiphyte,E1,701.67,7/6/2018,98.1,45.9,52.2,297.6666667,1.086666667,NA,NA,NA,NA,NA,0.051625,0.013625,0.0014115,59.39902166,0.9824,701.67,3.494516489,-0.514698969,-0.768017244,97.47123012,17.24185425,0.03588925,0.041193825,0.097551605,0.0082,48.7804878
las_cruces,serpocaulon_triseriale,2,sertri,epiphyte,epiphyte,E1,830.37,7/6/2018,86.7,42.5,44.2,435.3333333,1.303333333,NA,NA,NA,NA,NA,0.051875,0.015125,0.00157625,38.43466108,NA,NA,NA,NA,NA,NA,NA,NA,NA,NA,0.0056,71.42857143
las_cruces,serpocaulon_triseriale,3,sertri,epiphyte,epiphyte,E1,1307.84,7/6/2018,71.2,26.7,44.5,291.6666667,1.076666667,NA,NA,NA,NA,NA,0.05225,0.0155,0.001626,48.21802935,NA,NA,NA,NA,NA,NA,NA,NA,NA,NA,0.0073,54.79452055
las_cruces,serpocaulon_triseriale,4,sertri,epiphyte,epiphyte,E1,658.98,7/6/2018,63,33.1,29.9,190,0.92,NA,NA,NA,NA,NA,0.05175,0.0165,0.0017075,51.71208945,NA,NA,NA,NA,NA,NA,NA,NA,NA,NA,0.0059,67.79661017
las_cruces,serpocaulon_triseriale,5,sertri,epiphyte,epiphyte,E1,325.79,7/6/2018,53.1,19.8,33.3,359,1.183333333,NA,NA,NA,NA,NA,0.049857143,0.015428571,0.001541714,51.71208945,0.8357,830.37,2.721911339,-0.521172134,-0.740410728,98.38434585,27.38817967,0.024089927,0.027728043,0.036661962,0.0075,53.33333333
las_cruces,serpocaulon_triseriale,6,sertri,epiphyte,epiphyte,E1,510.64,7/6/2018,46.5,13.3,33.2,399,1.246666667,NA,NA,NA,NA,NA,0.05,0.0147,0.0014712,64.98951782,NA,NA,NA,NA,NA,NA,NA,NA,NA,NA,0.0078,51.28205128
las_cruces,serpocaulon_triseriale,7,sertri,epiphyte,epiphyte,E1,NA,NA,NA,NA,NA,NA,NA,NA,NA,NA,NA,NA,NA,NA,NA,NA,0.6687,1307.84,3.32607205,-1.055173355,-1.293853298,94.21150978,16.803926,0.04738986,0.152865095,0.044773524,NA,NA
las_cruces,serpocaulon_triseriale,8,sertri,epiphyte,epiphyte,E1,NA,NA,NA,NA,NA,NA,NA,NA,NA,NA,NA,NA,NA,NA,NA,NA,0.5155,658.98,3.110762627,-0.614066813,-0.748198237,97.37477031,21.01075911,0.037918712,0.098045714,0.051263043,NA,NA
las_cruces,serpocaulon_triseriale,9,sertri,epiphyte,epiphyte,E1,NA,NA,NA,NA,NA,NA,NA,NA,NA,NA,NA,NA,NA,NA,NA,NA,0.4097,410.2,2.917039296,-1.10456183,-1.399169419,95.79444926,24.36810132,0.031606399,0.091045775,0.051158182,NA,NA
las_cruces,serpocaulon_triseriale,10,sertri,epiphyte,epiphyte,E1,NA,NA,NA,NA,NA,NA,NA,NA,NA,NA,NA,NA,NA,NA,NA,NA,0.6759,510.64,2.808939253,-0.893096776,-1.212522097,96.26496055,21.57735063,0.032640049,0.056358807,0.067419923,NA,NA
la_selva,tectaria_incisa,1,tecinc,terrestrial,terrestrial,E1,571.2,8/13/2017,69,32,37,243,1,2019,311418.821,57120,0.311418821,5.45E-06,0.035888889,0.008444444,0.000606222,62.69522535,0.4822,571.2,4.540461013,-0.973335764,-1.021510159,95.86142897,21.28375677,0.044607255,0.720615301,0.094988702,0.0039,128.2051282
la_selva,tectaria_incisa,2,tecinc,terrestrial,terrestrial,E1,763.4,8/13/2017,107,43,64,230,0.98,2019,219717.175,76340,0.219717175,2.88E-06,0.047777778,0.010888889,0.001033333,95.26996876,NA,NA,NA,NA,NA,NA,NA,NA,NA,NA,0.0037,135.1351351
la_selva,tectaria_incisa,3,tecinc,terrestrial,terrestrial,E1,876.2,8/13/2017,91,37,54,217,0.96,2019,214298.323,87620,0.214298323,2.45E-06,0.048333333,0.011555556,0.001110889,132.7742837,NA,NA,NA,NA,NA,NA,NA,NA,NA,NA,0.0044,113.6363636
la_selva,tectaria_incisa,4,tecinc,terrestrial,terrestrial,E1,681.5,8/13/2017,91,45,46,414,1.27,2019,312938.359,68150,0.312938359,4.59E-06,0.045,0.009666667,0.000868667,109.7134871,NA,NA,NA,NA,NA,NA,NA,NA,NA,NA,0.0037,135.1351351
la_selva,tectaria_incisa,5,tecinc,terrestrial,terrestrial,E1,910,8/13/2017,90,33,57,255,1.02,2019,216272.506,91000,0.216272506,2.38E-06,0.047222222,0.010333333,0.000976444,105.9794734,0.4927,763.4,6.705986178,-0.702747527,-0.792341133,94.26643064,11.11850423,0.078731946,0.478615582,0.189309122,0.0032,156.25
la_selva,tectaria_incisa,6,tecinc,terrestrial,terrestrial,E1,400.2,8/13/2017,71,30,41,465,1.35,2019,237924.359,40020,0.237924359,5.95E-06,0.037888889,0.009222222,0.000696444,53.81526104,NA,NA,NA,NA,NA,NA,NA,NA,NA,NA,0.0038,131.5789474
la_selva,tectaria_incisa,7,tecinc,terrestrial,terrestrial,E1,NA,NA,NA,NA,NA,NA,NA,NA,NA,NA,NA,NA,NA,NA,NA,NA,0.663,876.2,3.894974064,-0.649074373,-0.720928441,93.96027924,9.387535396,0.094917533,0.566803264,0.155413516,NA,NA
la_selva,tectaria_incisa,8,tecinc,terrestrial,terrestrial,E1,NA,NA,NA,NA,NA,NA,NA,NA,NA,NA,NA,NA,NA,NA,NA,NA,0.6126,681.5,4.608978292,-0.923655391,-0.97613058,96.27903005,23.47917406,0.040177219,0.544939381,0.09247475,NA,NA
la_selva,tectaria_incisa,9,tecinc,terrestrial,terrestrial,E1,NA,NA,NA,NA,NA,NA,NA,NA,NA,NA,NA,NA,NA,NA,NA,NA,0.4616,910,5.269974003,-0.788440779,-0.806483975,97.75057346,34.75570905,0.028117832,0.906741304,0.041758242,NA,NA
la_selva,tectaria_incisa,10,tecinc,terrestrial,terrestrial,E1,NA,NA,NA,NA,NA,NA,NA,NA,NA,NA,NA,NA,NA,NA,NA,NA,0.6043,400.2,4.823519698,-0.704073973,-0.838784857,94.93103235,14.00358421,0.059678536,0.268635121,0.241482256,NA,NA
la_selva,thelypteris_curtii,1,thecur,terrestrial,terrestrial,E2,757.2,7/6/2017,104.5,24.5,80,427,1.29,2017,397541.889,75720,0.397541889,5.25E-06,0.0425,0.00775,0.00065575,125,0.3966,757.2,2.456497267,-0.823029771,-0.975956331,92.10191762,8.298718637,0.099493993,0.296583079,0.071118525,0.0014,142.8571429
la_selva,thelypteris_curtii,2,thecur,terrestrial,terrestrial,E2,564.9,7/6/2017,102,30.5,71.5,376,1.21,2017,373579.668,56490,0.373579668,6.61E-06,0.04575,0.008875,0.0008125,115.2777778,NA,NA,NA,NA,NA,NA,NA,NA,NA,NA,8.00E-04,250
la_selva,thelypteris_curtii,3,thecur,terrestrial,terrestrial,E2,357.1,7/6/2017,94,26,68,389,1.23,2017,353764.383,35710,0.353764383,9.91E-06,0.046444444,0.009333333,0.000867778,138.8888889,NA,NA,NA,NA,NA,NA,NA,NA,NA,NA,0.0012,166.6666667
la_selva,thelypteris_curtii,4,thecur,terrestrial,terrestrial,E2,701.8,7/6/2017,105,26.5,78.5,560,1.5,2017,301397.382,70180,0.301397382,4.29E-06,0.045,0.007875,0.00070975,104.8611111,NA,NA,NA,NA,NA,NA,NA,NA,NA,NA,6.00E-04,333.3333333
la_selva,thelypteris_curtii,5,thecur,terrestrial,terrestrial,E2,391.5,7/6/2017,94,51.5,42.5,608,1.26,2017,159942.799,39150,0.159942799,4.09E-06,0.044625,0.008125,0.0007325,106.25,0.3984,564.9,2.572040752,-0.868019433,-0.982801775,94.0859789,12.22964621,0.070793546,0.328742411,0.071342243,0.0016,125
la_selva,thelypteris_curtii,6,thecur,terrestrial,terrestrial,E2,391.3,7/6/2017,89,33,56,484,1.38,2017,284186.603,39130,0.284186603,7.26E-06,0.046444444,0.009333333,0.000869333,139.5833333,NA,NA,NA,NA,NA,NA,NA,NA,NA,NA,0.0011,181.8181818
la_selva,thelypteris_curtii,7,thecur,terrestrial,terrestrial,E2,NA,NA,NA,NA,NA,NA,NA,NA,NA,NA,NA,NA,NA,NA,NA,NA,0.2557,357.1,2.803336657,-1.046406803,-1.173488564,94.54346206,18.55382617,0.047785224,0.320130556,0.053288961,NA,NA
la_selva,thelypteris_curtii,8,thecur,terrestrial,terrestrial,E2,NA,NA,NA,NA,NA,NA,NA,NA,NA,NA,NA,NA,NA,NA,NA,NA,0.2466,701.8,2.89761692,-0.888735347,-1.02572379,89.39863059,8.447390698,0.102159678,0.407421274,0.057786672,NA,NA
la_selva,thelypteris_curtii,9,thecur,terrestrial,terrestrial,E2,NA,NA,NA,NA,NA,NA,NA,NA,NA,NA,NA,NA,NA,NA,NA,NA,0.1938,391.5,4.622016311,-0.967509683,-1.078397475,90.18173832,10.07568528,0.089434738,0.478549645,0.113680824,NA,NA
la_selva,thelypteris_curtii,10,thecur,terrestrial,terrestrial,E2,NA,NA,NA,NA,NA,NA,NA,NA,NA,NA,NA,NA,NA,NA,NA,NA,0.3517,391.3,2.738690463,-1.147963113,-1.169044734,97.46703687,42.59071873,0.023026938,0.84501338,0.031489745,NA,NA
la_selva,thelypteris_dentata,1,theden,terrestrial,terrestrial,E2,514.5,7/10/2017,91.8,30,61.8,344,1.16,2017,370014.494,51450,0.370014494,7.19E-06,0.036666667,0.008,0.000589778,112.5,NA,NA,NA,NA,NA,NA,NA,NA,NA,NA,0.0083,60.24096386
la_selva,thelypteris_dentata,2,theden,terrestrial,terrestrial,E2,399,7/10/2017,88,18,70,370,1.2,2017,491436.909,39900,0.491436909,1.23E-05,0.038444444,0.008888889,0.000682,95.83333333,NA,NA,NA,NA,NA,NA,NA,NA,NA,NA,0.0094,53.19148936
la_selva,thelypteris_dentata,3,theden,terrestrial,terrestrial,E2,640.8,7/10/2017,95.8,31.5,64.3,439,1.31,2017,467076.199,64080,0.467076199,7.29E-06,0.038888889,0.008888889,0.000695556,101.6203704,NA,NA,NA,NA,NA,NA,NA,NA,NA,NA,0.0085,58.82352941
la_selva,thelypteris_dentata,4,theden,terrestrial,terrestrial,E2,381.7,7/10/2017,81.5,21,60.5,407,1.25,2017,305742.292,38170,0.305742292,8.01E-06,0.040666667,0.008555556,0.000695778,117.2685185,NA,NA,NA,NA,NA,NA,NA,NA,NA,NA,0.0052,96.15384615
la_selva,thelypteris_dentata,5,theden,terrestrial,terrestrial,E2,NA,NA,NA,NA,NA,NA,NA,NA,NA,NA,NA,NA,0.038222222,0.008444444,0.000649333,NA,0.3397,399,3.240077914,-0.875103428,-1.088232195,85.39464726,6.13233141,0.129245071,0.494398339,0.198070405,NA,NA
la_selva,thelypteris_dentata,8,theden,terrestrial,terrestrial,E2,NA,NA,NA,NA,NA,NA,NA,NA,NA,NA,NA,NA,NA,NA,NA,NA,0.1126,381.7,4.218143543,-0.853663194,-0.983236063,90.09123518,8.344225346,0.102152215,0.549772743,0.070617586,NA,NA
la_selva,thelypteris_dentata,10,theden,terrestrial,terrestrial,E2,NA,NA,NA,NA,NA,NA,NA,NA,NA,NA,NA,NA,NA,NA,NA,NA,0.1718,405.2,3.104233066,-0.810932199,-1.022299672,84.86665197,5.189221869,0.149083518,0.490539813,0.109009707,NA,NA
la_selva,thelypteris_nicaraguensis,1,thenic,terrestrial,terrestrial,E2,344.5,7/14/2017,79,48,31,687,1.7,NA,NA,NA,NA,NA,0.041444444,0.008555556,0.000711111,136.9924141,0.2204,344.5,2.854552737,-1.304232844,-1.474599724,90.51990039,14.17825219,0.06259011,0.370708785,0.063502913,0.0067,74.62686567
la_selva,thelypteris_nicaraguensis,1,thenic,terrestrial,terrestrial,E2,1,NA,NA,NA,NA,NA,NA,2017,293698.564,100,0.293698564,0.002936986,0.041444444,0.008555556,0.000711111,136.9924141,0.2204,344.5,2.854552737,-1.304232844,-1.474599724,90.51990039,14.17825219,0.06259011,0.370708785,0.063502913,0.0067,74.62686567
la_selva,thelypteris_nicaraguensis,2,thenic,terrestrial,terrestrial,E2,2,NA,NA,NA,NA,NA,NA,2017,530291.779,200,0.530291779,0.002651459,0.042666667,0.009,0.000768,113.3422579,NA,NA,NA,NA,NA,NA,NA,NA,NA,NA,0.0052,96.15384615
la_selva,thelypteris_nicaraguensis,2,thenic,terrestrial,terrestrial,E2,597.2,7/14/2017,87,45,42,712,1.74,NA,NA,NA,NA,NA,0.042666667,0.009,0.000768,113.3422579,NA,NA,NA,NA,NA,NA,NA,NA,NA,NA,0.0052,96.15384615
la_selva,thelypteris_nicaraguensis,3,thenic,terrestrial,terrestrial,E2,683.9,7/14/2017,117,63,54,693,1.71,NA,NA,NA,NA,NA,0.039111111,0.007111111,0.000556,104.8639,NA,NA,NA,NA,NA,NA,NA,NA,NA,NA,0.0069,72.46376812
la_selva,thelypteris_nicaraguensis,3,thenic,terrestrial,terrestrial,E2,3,NA,NA,NA,NA,NA,NA,2017,654374.037,300,0.654374037,0.002181247,0.039111111,0.007111111,0.000556,104.8639,NA,NA,NA,NA,NA,NA,NA,NA,NA,NA,0.0069,72.46376812
la_selva,thelypteris_nicaraguensis,4,thenic,terrestrial,terrestrial,E2,375.1,7/14/2017,56,30.5,25.5,744,1.79,NA,NA,NA,NA,NA,0.040333333,0.008,0.000650222,84.11423472,NA,NA,NA,NA,NA,NA,NA,NA,NA,NA,0.0046,119.5652174
la_selva,thelypteris_nicaraguensis,5,thenic,terrestrial,terrestrial,E2,5,NA,NA,NA,NA,NA,NA,2017,696313.95,500,0.69631395,0.001392628,0.042555556,0.007777778,0.000662667,117.3583222,0.5349,597.2,3.514891829,-1.214793393,-1.327658218,92.7496141,15.44583788,0.058636394,0.368459794,0.102555632,0.0074,67.56756757
la_selva,thelypteris_nicaraguensis,5,thenic,terrestrial,terrestrial,E2,501.9,7/14/2017,119,68,51,731,1.77,NA,NA,NA,NA,NA,0.042555556,0.007777778,0.000662667,117.3583222,0.5349,597.2,3.514891829,-1.214793393,-1.327658218,92.7496141,15.44583788,0.058636394,0.368459794,0.102555632,0.0074,67.56756757
la_selva,thelypteris_nicaraguensis,6,thenic,terrestrial,terrestrial,E2,6,NA,NA,NA,NA,NA,NA,2017,353989.268,600,0.353989268,0.000589982,0.039222222,0.008888889,0.000698444,114.2347166,NA,NA,NA,NA,NA,NA,NA,NA,NA,NA,0.0053,94.33962264
la_selva,thelypteris_nicaraguensis,6,thenic,terrestrial,terrestrial,E2,665.4,7/14/2017,73,37,36,547,1.48,NA,NA,NA,NA,NA,0.039222222,0.008888889,0.000698444,114.2347166,NA,NA,NA,NA,NA,NA,NA,NA,NA,NA,0.0053,94.33962264
la_selva,thelypteris_nicaraguensis,7,thenic,terrestrial,terrestrial,E2,NA,NA,NA,NA,NA,NA,NA,NA,NA,NA,NA,NA,NA,NA,NA,NA,0.5079,683.9,2.753267068,-1.275699439,-1.358,95.13836491,14.68029491,0.060941246,0.335145321,0.069226564,NA,NA
la_selva,thelypteris_nicaraguensis,8,thenic,terrestrial,terrestrial,E2,NA,NA,NA,NA,NA,NA,NA,NA,NA,NA,NA,NA,NA,NA,NA,NA,0.2278,375.1,2.962119809,-1.264454446,-1.340406295,94.44687184,22.26258198,0.042308127,0.511723749,0.042282491,NA,NA
la_selva,thelypteris_nicaraguensis,10,thenic,terrestrial,terrestrial,E2,NA,NA,NA,NA,NA,NA,NA,NA,NA,NA,NA,NA,NA,NA,NA,NA,0.4047,665.4,3.285016332,-1.087293215,-1.136582633,96.43865899,31.30140252,0.030603341,0.501096458,0.033969119,NA,NA
